Date,USD,JPY,BGN,CYP,CZK,DKK,EEK,GBP,HUF,LTL,LVL,MTL,PLN,ROL,RON,SEK,SIT,SKK,CHF,ISK,NOK,HRK,RUB,TRL,TRY,AUD,BRL,CAD,CNY,HKD,IDR,ILS,INR,KRW,MXN,MYR,NZD,PHP,SGD,THB,ZAR,Unnamed: 42
2020-10-30,1.1698,122.36,1.9558,,27.250999999999998,7.4466,,0.9020799999999999,367.45,,,,4.6222,,4.8725,10.365,,,1.0698,164.4,11.094000000000001,7.5748,92.4606,,9.794,1.6563,6.7607,1.5556,7.8158,9.0706,17108.33,3.9881,87.1115,1324.2,24.8416,4.8588,1.7565,56.635,1.5952,36.439,19.0359,
2020-10-29,1.1704,122.09,1.9558,,27.368000000000002,7.4462,,0.9043,368.0,,,,4.6225,,4.8751,10.4225,,,1.0684,165.0,11.1495,7.5729999999999995,93.0481,,9.7418,1.6673,6.768,1.5658,7.8531,9.0735,17306.12,3.9993,87.0865,1326.92,25.0028,4.8648,1.7677,56.685,1.5988,36.598,19.2322,
2020-10-28,1.1727,122.36,1.9558,,27.421999999999997,7.4435,,0.9066200000000001,367.11,,,,4.6202,,4.8768,10.370999999999999,,,1.0693,164.8,10.9693,7.5778,92.3025,,9.6906,1.6603,6.7191,1.5578,7.8845,9.0885,17288.41,3.9794,86.804,1332.51,24.9759,4.8732,1.7647,56.708,1.6014,36.659,19.2187,
2020-10-27,1.1832,123.74,1.9558,,27.337,7.4406,,0.9071799999999999,365.41,,,,4.5842,,4.8765,10.306,,,1.0732,165.3,10.8398,7.5745,90.571,,9.6466,1.6585,6.6711,1.5589,7.9345,9.1699,17344.17,4.0021,87.1635,1332.89,24.6622,4.9274,1.7639,57.157,1.6078,36.94,19.062,
2020-10-26,1.1819,124.14,1.9558,,27.295,7.4412,,0.90755,365.02,,,,4.5799,,4.8748,10.3475,,,1.0719,165.3,10.9465,7.577999999999999,90.2935,,9.5593,1.6592,6.6714,1.558,7.9342,9.1598,17390.95,3.9965,87.5485,1338.31,24.8705,4.922,1.7677,57.205,1.6095,36.97,19.208,
2020-10-23,1.1856,124.17,1.9558,,27.221999999999998,7.4407,,0.90675,364.17,,,,4.5823,,4.874,10.3618,,,1.0715,164.9,10.9178,7.5778,90.6421,,9.4418,1.6578,6.6052,1.5563,7.9157,9.1885,17410.24,4.0032,87.3245,1338.52,24.753,4.9291,1.7703,57.388000000000005,1.6089,37.056,19.1905,
2020-10-22,1.1821,123.72,1.9558,,27.23,7.4409,,0.9027299999999999,364.6,,,,4.5783,,4.874,10.374,,,1.0726,164.6,10.9325,7.5788,90.8256,,9.3815,1.6644,6.6389,1.5559,7.898,9.1614,17426.16,3.9983,87.11200000000001,1341.66,24.999000000000002,4.8992,1.7739,57.467,1.6043,37.0,19.2759,
2020-10-21,1.1852,124.27,1.9558,,27.185,7.4432,,0.90754,364.01,,,,4.574,,4.8758,10.3645,,,1.0715,164.6,10.9315,7.5755,91.4095,,9.3084,1.6733,6.6118,1.5557,7.8879,9.1854,17342.44,4.013999999999999,87.3745,1343.08,24.9348,4.9115,1.7875,57.538999999999994,1.6067,37.025999999999996,19.4374,
2020-10-20,1.181,124.79,1.9558,,27.233,7.4425,,0.9132899999999999,365.68,,,,4.5809,,4.8761,10.3805,,,1.0724,164.0,10.9698,7.5826,92.0238,,9.3301,1.6801,6.6182,1.5577,7.8918,9.1528,17373.1,3.9911,86.8465,1346.35,25.0315,4.9017,1.8006,57.333,1.6036,36.965,19.5245,
2020-10-19,1.1785,124.11,1.9558,,27.346,7.441,,0.9058799999999999,365.05,,,,4.5723,,4.8768,10.3578,,,1.0724,163.4,10.947000000000001,7.5825,91.4401,,9.3057,1.6575,6.6139,1.5523,7.8767,9.1334,17347.64,3.9836,86.3945,1341.33,24.8118,4.8819,1.7751,57.231,1.599,36.746,19.3806,
2020-10-16,1.1741,123.59,1.9558,,27.279,7.442,,0.90915,364.36,,,,4.5558,,4.8763,10.3593,,,1.0721,163.2,10.957,7.582000000000001,91.5767,,9.33,1.6555,6.6054,1.5497,7.8639,9.0993,17317.86,3.9673,86.0715,1341.16,24.872,4.8708,1.7746,57.148,1.5942,36.608000000000004,19.3867,
2020-10-15,1.1698,123.15,1.9558,,27.34,7.4429,,0.90535,364.58,,,,4.5518,,4.8765,10.378,,,1.0697,163.2,10.9678,7.5818,91.4345,,9.2868,1.6554,6.5942,1.5453,7.8756,9.066,17278.41,3.9734,85.95100000000001,1344.08,25.1559,4.8599,1.7762,57.056000000000004,1.5935,36.574,19.5329,
2020-10-14,1.175,123.7,1.9558,,27.313000000000002,7.4439,,0.90395,363.49,,,,4.5073,,4.8738,10.3653,,,1.0738,163.2,10.8218,7.5785,90.9325,,9.3334,1.6378,6.5426,1.5432,7.9092,9.1063,17311.28,3.9734,86.0995,1346.7,25.1075,4.8768,1.7633,57.244,1.5947,36.648,19.3897,
2020-10-13,1.1787,124.38,1.9558,,27.355999999999998,7.4432,,0.90591,360.2,,,,4.4851,,4.875,10.343,,,1.0734,163.2,10.7923,7.5785,90.8041,,9.3155,1.6403,6.5389,1.545,7.9388,9.135,17403.27,3.9895,86.425,1351.0,25.0183,4.8822,1.7715,57.325,1.6007,36.676,19.4446,
2020-10-12,1.1799,124.41,1.9558,,27.177,7.443,,0.9059799999999999,356.83,,,,4.481,,4.8727,10.3933,,,1.0742,163.2,10.7925,7.5713,90.765,,9.282,1.6357,6.5268,1.5493,7.9578,9.1443,17378.69,3.9933,86.476,1355.3,25.073,4.893,1.7744,57.268,1.6011,36.754,19.480999999999998,
2020-10-09,1.1795,124.95,1.9558,,27.11,7.4422,,0.9116700000000001,356.28,,,,4.4702,,4.8715,10.42,,,1.0773,162.8,10.8623,7.5765,90.9413,,9.3279,1.6405,6.5796,1.5542,7.9047,9.1412,17340.01,3.9859,86.1985,1350.52,25.0833,4.8808,1.7821,57.083,1.5986,36.629,19.4315,
2020-10-08,1.1765,124.69,1.9558,,27.092,7.4423,,0.91035,357.48,,,,4.4843,,4.8758,10.4468,,,1.0799,162.8,10.9038,7.568,91.0675,,9.3304,1.6421,6.5832,1.5583,7.9894,9.1181,17362.2,3.9909,86.186,1355.48,25.1418,4.8854,1.7856,57.004,1.5979,36.724000000000004,19.4995,
2020-10-07,1.177,124.73,1.9558,,27.064,7.4421,,0.9141299999999999,359.25,,,,4.4862,,4.8748,10.482999999999999,,,1.0787,162.8,10.9313,7.5685,91.9715,,9.2722,1.65,6.5448,1.564,7.9934,9.1219,17359.51,4.0044,86.26299999999999,1362.7,25.2609,4.8917,1.7862,56.979,1.5995,36.758,19.5793,
2020-10-06,1.1795,124.58,1.9558,,27.035,7.4408,,0.91058,359.72,,,,4.4872,,4.876,10.5138,,,1.0781,162.8,10.8603,7.5688,91.772,,9.1625,1.6472,6.5363,1.5630000000000002,8.0111,9.1412,17379.93,4.0193,86.5715,1368.49,25.1631,4.8991,1.7733,57.137,1.6032,36.795,19.453,
2020-10-05,1.1768,124.25,1.9558,,27.096,7.44,,0.9081,358.17,,,,4.498,,4.874,10.4645,,,1.0781,162.4,10.8855,7.568,92.5353,,9.1614,1.6379,6.6568,1.5614,8.0128,9.1203,17324.61,4.0243,86.087,1363.72,25.2551,4.8867,1.7703,56.961000000000006,1.6007,36.846,19.3447,
2020-10-02,1.173,123.4,1.9558,,27.02,7.4414,,0.9067299999999999,358.88,,,,4.4944,,4.8715,10.425,,,1.079,162.2,10.904000000000002,7.562,92.0825,,9.0787,1.6372,6.6039,1.5603,7.9656,9.091000000000001,17445.33,4.0244,86.0375,1364.68,25.6582,4.885,1.7674,56.864,1.5988,36.991,19.4002,
2020-10-01,1.1752,123.98,1.9558,,26.918000000000003,7.4421,,0.90723,359.89,,,,4.4935,,4.874,10.4853,,,1.0787,162.2,10.9073,7.563,90.605,,9.0606,1.6319,6.5821,1.5616,7.9805,9.1082,17423.28,4.0236,85.8275,1365.03,25.6764,4.8788,1.7667,56.931000000000004,1.6004,37.101,19.5373,
2020-09-30,1.1708,123.76,1.9558,,27.233,7.4462,,0.91235,365.53,,,,4.5462,,4.8725,10.5713,,,1.0804,162.2,11.1008,7.5565,91.7763,,9.099,1.6438,6.6308,1.5676,7.972,9.0742,17497.84,4.0277,86.29899999999999,1368.51,26.1848,4.8653,1.7799,56.773999999999994,1.6035,37.079,19.7092,
2020-09-29,1.1702,123.61,1.9558,,27.148000000000003,7.4461,,0.9096299999999999,365.7,,,,4.5435,,4.8721,10.5343,,,1.0795,162.0,11.0543,7.551,92.1625,,9.1649,1.6412,6.6022,1.5655,7.9777,9.0691,17419.0,4.0421,86.275,1365.89,26.0452,4.8639,1.7749,56.695,1.6018,36.988,19.8685,
2020-09-28,1.167,123.02,1.9558,,27.133000000000003,7.4459,,0.9050799999999999,364.12,,,,4.5502,,4.8743,10.5863,,,1.0816,162.4,11.058,7.55,91.8152,,9.1073,1.6513,6.4552,1.5619999999999998,7.9510000000000005,9.0443,17388.3,4.0474,86.0255,1364.72,25.9525,4.8728,1.7791,56.611999999999995,1.6028,36.965,19.8905,
2020-09-25,1.1634,122.74,1.9558,,27.107,7.4465,,0.91343,363.16,,,,4.5557,,4.8753,10.6285,,,1.0798,161.8,11.1445,7.5489999999999995,90.405,,8.8709,1.6548,6.456,1.556,7.9451,9.0165,17299.76,4.0528,85.7175,1367.57,26.0006,4.8485,1.7756,56.431000000000004,1.6022,36.781,19.9,
2020-09-24,1.1645,122.73,1.9558,,27.015,7.4425,,0.91228,364.45,,,,4.5293,,4.8755,10.5793,,,1.0772,161.8,11.1023,7.553,89.8713,,8.8851,1.6539,6.4935,1.56,7.9527,9.025,17339.41,4.0505,86.1145,1367.55,26.1062,4.8542,1.7847,56.547,1.6029,36.821,19.8675,
2020-09-23,1.1692,122.91,1.9558,,26.965,7.4429,,0.91885,365.01,,,,4.5001,,4.8686,10.4388,,,1.0773,161.4,10.9938,7.5505,89.7875,,8.992,1.6439,6.4498,1.5594,7.9433,9.0614,17375.0,4.0386,85.9845,1362.8,25.8339,4.8574,1.7756,56.778,1.5989,36.841,19.9607,
2020-09-22,1.1740000000000002,122.78,1.9558,,27.006999999999998,7.4417,,0.91743,362.05,,,,4.4934,,4.8613,10.407,,,1.0748,162.0,10.9528,7.5443,89.15,,8.985,1.6288,6.3677,1.5631,7.955,9.0986,17357.59,4.0425,86.262,1363.87,25.1194,4.8539,1.7630000000000001,56.898,1.5998,36.84,19.5779,
2020-09-21,1.1787,122.7,1.9558,,26.98,7.4408,,0.9160799999999999,363.08,,,,4.4837,,4.86,10.4055,,,1.0761,161.6,10.884,7.5413,89.9825,,8.971,1.624,6.4262,1.5604,7.9992,9.1349,17437.0,4.0576,86.695,1372.84,25.3145,4.8592,1.7590000000000001,57.141999999999996,1.6027,36.823,19.7416,
2020-09-18,1.1833,123.49,1.9558,,26.726999999999997,7.4403,,0.9131799999999999,360.78,,,,4.4602,,4.8580000000000005,10.399000000000001,,,1.0776,160.8,10.7538,7.5415,89.1439,,8.96,1.6242,6.2176,1.5601,8.0146,9.1707,17435.93,4.0511,87.014,1375.96,24.7344,4.8687,1.7489,57.306000000000004,1.6082,36.889,19.152,
2020-09-17,1.1797,123.38,1.9558,,26.747,7.4396,,0.9153,361.16,,,,4.4579,,4.86,10.408,,,1.0742,162.2,10.7238,7.5418,88.6075,,8.9037,1.6152,6.2117,1.5567,7.9861,9.1428,17501.07,4.0382,86.861,1383.16,24.8461,4.8822,1.7533,57.167,1.6039,36.801,19.2673,
2020-09-16,1.1869,124.72,1.9558,,26.726,7.4396,,0.9142299999999999,358.54,,,,4.4466,,4.859,10.4118,,,1.0753,160.6,10.6608,7.5415,88.8038,,8.898,1.6174,6.2211,1.5628,8.0229,9.1985,17607.66,4.0589,87.2665,1390.72,24.9614,4.9025,1.7586,57.398,1.611,36.913000000000004,19.3726,
2020-09-15,1.1892,125.39,1.9558,,26.826999999999998,7.4396,,0.92095,357.68,,,,4.4461,,4.8578,10.404000000000002,,,1.0768,160.6,10.6963,7.5375,89.1013,,8.9023,1.6219,6.2272,1.5634,8.0526,9.2164,17653.67,4.0675,87.5205,1400.73,24.9307,4.912,1.7675,57.50899999999999,1.6163,37.079,19.5669,
2020-09-14,1.1876,125.82,1.9558,,26.66,7.4398,,0.9219,357.65,,,,4.4504,,4.8580000000000005,10.4178,,,1.0768,160.0,10.6933,7.5368,89.5924,,8.8997,1.6327,6.3109,1.5641,8.0987,9.2041,17671.49,4.0807,87.3415,1404.73,25.1792,4.9232,1.7739,57.586999999999996,1.6207,37.172,19.7876,
2020-09-11,1.1854,125.82,1.9558,,26.566,7.4402,,0.9240799999999999,357.13,,,,4.4467,,4.8584,10.3713,,,1.0777,161.8,10.7028,7.539,88.7275,,8.8565,1.6244,6.2561,1.5622,8.1043,9.1871,17772.61,4.1004,87.2431,1407.07,25.2387,4.9224,1.7738,57.551,1.62,37.139,19.8527,
2020-09-10,1.1849,125.76,1.9558,,26.585,7.4404,,0.9159,357.85,,,,4.4525,,4.8579,10.3703,,,1.0766,163.7,10.687000000000001,7.537000000000001,88.89,,8.8371,1.6282,6.2919,1.5586,8.1022,9.1834,17714.0,4.0455,87.03399999999999,1405.84,25.3147,4.9339,1.7737,57.592,1.6199,37.046,19.8598,
2020-09-09,1.1773,125.05,1.9558,,26.519000000000002,7.4403,,0.9121299999999999,357.7,,,,4.4498,,4.8588,10.362,,,1.0806,165.8,10.715,7.537000000000001,89.3613,,8.824,1.6264,6.2785,1.5563,8.0584,9.1246,17406.38,4.0042,86.6065,1397.84,25.5626,4.9111,1.7714,57.276,1.6118,36.928000000000004,19.7044,
2020-09-08,1.1785,125.2,1.9558,,26.521,7.4407,,0.90453,361.37,,,,4.4483,,4.8595,10.3735,,,1.082,165.3,10.6713,7.5329999999999995,90.0213,,8.8202,1.6286,6.3427,1.5523,8.0658,9.1338,17512.55,3.9974,87.10600000000001,1402.14,25.7685,4.9126,1.7722,57.333,1.6149,37.082,20.0033,
2020-09-07,1.1824,125.59,1.9558,,26.468000000000004,7.4411,,0.89835,359.92,,,,4.4504,,4.8555,10.369000000000002,,,1.0809,164.9,10.5453,7.5360000000000005,89.8231,,8.8168,1.6232,6.2664,1.5484,8.0789,9.1641,17490.0,3.9926,86.8485,1405.09,25.5127,4.9158,1.7642,57.547,1.6159999999999999,37.092,19.7654,
2020-09-04,1.1842,125.79,1.9558,,26.435,7.4403,,0.89325,359.6,,,,4.4514,,4.8528,10.3688,,,1.0793,164.7,10.5768,7.539,88.973,,8.8215,1.6291,6.2775,1.5508,8.1006,9.177999999999999,17453.41,3.9874,86.678,1409.07,25.5275,4.9138,1.764,57.53,1.6158,37.172,19.6278,
2020-09-03,1.1813,125.85,1.9558,,26.368000000000002,7.4401,,0.89135,358.05,,,,4.4269,,4.8473,10.3393,,,1.0776,164.5,10.5315,7.5355,88.9825,,8.7907,1.6219,6.3424,1.5491,8.0802,9.1555,17536.99,3.9777,86.8615,1406.65,25.7175,4.8994,1.7579,57.388999999999996,1.6131,37.14,19.8058,
2020-09-02,1.1861,126.0,1.9558,,26.338,7.4412,,0.8884,358.77,,,,4.4186,,4.8423,10.3065,,,1.0799,164.5,10.405999999999999,7.5335,88.0675,,8.7588,1.6171,6.4205,1.5495,8.0976,9.1925,17489.04,3.9901,86.8225,1408.07,25.915,4.9176,1.7541,57.665,1.6153,37.095,19.9154,
2020-09-01,1.1987,126.92,1.9558,,26.226,7.4434,,0.88975,354.02,,,,4.3925,,4.8398,10.3605,,,1.0865,164.5,10.4378,7.532,88.1474,,8.8196,1.6242,6.5126,1.56,8.1739,9.29,17465.06,4.0183,87.4085,1420.12,26.0278,4.9656,1.7727,58.17100000000001,1.6274,37.25,19.9459,
2020-08-31,1.194,126.47,1.9558,,26.208000000000002,7.4439,,0.89605,354.54,,,,4.3971,,4.8398,10.2888,,,1.0774,164.3,10.455,7.528,88.2993,,8.777000000000001,1.6214,6.4739,1.5601,8.1711,9.2536,17404.4,4.0131,87.4685,1415.76,26.059,4.9736,1.7728,57.836999999999996,1.6235,37.098,19.9589,
2020-08-28,1.1915,125.39,1.9558,,26.2,7.4439,,0.8946799999999999,355.18,,,,4.3921,,4.8395,10.2603,,,1.0758,163.5,10.47,7.5275,88.625,,8.7176,1.6216,6.5608,1.5553,8.1749,9.2345,17330.67,4.0083,87.2125,1407.24,26.069000000000003,4.9632,1.7723,57.676,1.6195,37.091,19.8829,
2020-08-27,1.1806,125.34,1.9558,,26.276,7.4429,,0.89505,355.98,,,,4.3993,,4.8415,10.3138,,,1.075,163.5,10.5178,7.5262,88.64,,8.6665,1.6291,6.601,1.5521,8.1323,9.1497,17380.08,3.9779,87.2655,1399.75,25.9205,4.9261,1.7799,57.38399999999999,1.6128,36.87,20.0275,
2020-08-26,1.1789,125.34,1.9558,,26.261999999999997,7.4439,,0.8969,354.74,,,,4.4074,,4.8419,10.3348,,,1.0738,163.2,10.5603,7.5273,89.3568,,8.6706,1.6371,6.5317,1.5543,8.1262,9.1368,17297.41,4.0094,87.613,1398.97,25.875,4.916,1.7971,57.263999999999996,1.6130000000000002,36.946999999999996,19.7996,
2020-08-25,1.1814,125.67,1.9558,,26.121,7.4423,,0.89945,353.46,,,,4.3919,,4.8403,10.3525,,,1.0752,163.1,10.5688,7.529,88.36,,8.7352,1.6472,6.586,1.5597,8.1671,9.1563,17301.6,4.0187,87.7165,1402.12,25.8774,4.9247,1.8082,57.357,1.617,37.185,19.8084,
2020-08-24,1.1847,125.26,1.9558,,26.090999999999998,7.4435,,0.90175,350.83,,,,4.3986,,4.84,10.369000000000002,,,1.0761,163.0,10.6188,7.5329999999999995,87.9975,,8.7314,1.6454,6.5941,1.5574,8.1897,9.1817,17380.14,4.0293,87.772,1406.32,25.9307,4.9467,1.8059,57.446999999999996,1.6203,37.211,20.0609,
2020-08-21,1.1769,124.53,1.9558,,26.083000000000002,7.4441,,0.89755,350.68,,,,4.3979,,4.8405,10.363,,,1.0744,162.6,10.5913,7.5243,87.735,,8.5925,1.6442,6.5908,1.5563,8.1483,9.1212,17383.99,4.0029,88.198,1403.15,26.066,4.9194,1.8045,57.324,1.6131,37.161,20.2977,
2020-08-20,1.185,125.46,1.9558,,26.061,7.4451,,0.9017299999999999,350.39,,,,4.3914,,4.8391,10.3555,,,1.0786,162.6,10.6068,7.5356,87.63,,8.7129,1.6544,6.6454,1.5654,8.1985,9.184,17503.64,4.0305,88.992,1408.22,26.3712,4.9444,1.8158,57.707,1.6219999999999999,37.245,20.4136,
2020-08-19,1.1933,125.74,1.9558,,26.118000000000002,7.4453,,0.90345,349.79,,,,4.3942,,4.8403,10.314,,,1.0811,162.0,10.5455,7.5328,87.5706,,8.7785,1.6428,6.5115,1.5688,8.2472,9.2483,17626.23,4.0571,89.316,1405.97,26.383000000000003,4.979,1.7969,57.911,1.6278,37.279,20.5183,
2020-08-18,1.1906,125.54,1.9558,,26.134,7.4466,,0.90375,349.85,,,,4.387,,4.8355,10.32,,,1.0773,161.8,10.501,7.5296,87.0531,,8.8024,1.6447,6.4778,1.5672,8.2407,9.2274,17674.46,4.0507,88.87899999999999,1410.08,26.2626,4.9797,1.8119,57.803999999999995,1.625,37.051,20.715,
2020-08-17,1.1853,125.99,1.9558,,26.14,7.447,,0.90625,348.53,,,,4.3966,,4.8343,10.3108,,,1.0765,161.5,10.512,7.53,87.15,,8.7656,1.6485,6.4166,1.5684,8.2262,9.1864,17638.45,4.0403,88.6895,1405.87,26.0924,4.9688,1.8179,57.693000000000005,1.6237,36.993,20.6764,
2020-08-14,1.1813,126.01,1.9558,,26.118000000000002,7.447,,0.9017299999999999,346.11,,,,4.3984,,4.836,10.2933,,,1.0754,161.1,10.5403,7.5356,86.585,,8.7149,1.6525,6.375,1.5649,8.21,9.1555,17612.0,4.023,88.46799999999999,1402.11,26.2027,4.9538,1.8071,57.553000000000004,1.6209,36.75,20.6121,
2020-08-13,1.1833,126.58,1.9558,,26.125,7.4474,,0.9037299999999999,344.93,,,,4.3968,,4.8348,10.2748,,,1.0784,161.1,10.5148,7.5125,87.1809,,8.6794,1.6522,6.3766,1.5637,8.2187,9.1709,17559.0,4.0271,88.564,1402.22,26.4372,4.961,1.8042,57.768,1.6231,36.741,20.6405,
2020-08-12,1.1771,125.92,1.9558,,26.116999999999997,7.4472,,0.90475,345.15,,,,4.4033,,4.8356,10.2513,,,1.0755,161.1,10.5463,7.4885,86.3013,,8.6074,1.6514,6.3782,1.5644,8.1758,9.1236,17374.0,4.0101,88.051,1393.92,26.3381,4.9362,1.7997,57.631,1.6166,36.62,20.5097,
2020-08-11,1.1783,124.97,1.9558,,26.155,7.4469,,0.89843,345.03,,,,4.4018,,4.8355,10.2835,,,1.0743,161.1,10.5658,7.4795,85.6858,,8.541,1.6406,6.4068,1.5656,8.1857,9.132,17348.0,4.0085,87.86200000000001,1393.79,26.3028,4.94,1.7833,57.615,1.6154,36.598,20.6263,
2020-08-10,1.1763,124.74,1.9558,,26.183000000000003,7.4479,,0.90155,345.19,,,,4.4021,,4.836,10.2805,,,1.079,160.6,10.629000000000001,7.4828,86.6154,,8.6055,1.6445,6.3697,1.5739,8.2003,9.1166,17221.03,4.0124,88.1125,1396.28,26.3047,4.9352,1.784,57.787,1.6158,36.63,20.8452,
2020-08-07,1.1817,124.91,1.9558,,26.279,7.4483,,0.9037299999999999,345.93,,,,4.4081,,4.8374,10.3163,,,1.0804,160.6,10.6433,7.4595,86.9753,,8.5019,1.6403,6.3274,1.577,8.2238,9.1585,17335.54,4.0256,88.633,1401.9,26.5127,4.9484,1.7786,57.958,1.6203,36.816,20.7086,
2020-08-06,1.1843,124.96,1.9558,,26.201999999999998,7.45,,0.90033,346.23,,,,4.4073,,4.836,10.3165,,,1.0759,160.2,10.6538,7.468,86.9321,,8.5853,1.6492,6.334,1.5748,8.2325,9.1786,17304.0,4.0309,88.765,1404.99,26.615,4.9604,1.7828,58.136,1.6236,36.832,20.7655,
2020-08-05,1.1854,125.37,1.9558,,26.096999999999998,7.4508,,0.90265,344.5,,,,4.3935,,4.8345,10.2865,,,1.077,160.2,10.6585,7.4683,86.3692,,8.3311,1.6415,6.2311,1.5703,8.2277,9.1871,17247.57,4.0397,88.709,1405.74,26.7125,4.9698,1.7809,58.12,1.6228,36.759,20.4221,
2020-08-04,1.1765,124.78,1.9558,,26.221,7.4462,,0.90335,344.73,,,,4.4055,,4.8358,10.3025,,,1.0761,160.0,10.7568,7.4683,86.7275,,8.199,1.6495,6.2743,1.5773,8.2157,9.1179,17276.9,4.0292,88.3805,1406.49,26.7401,4.9654,1.7807,57.773999999999994,1.6195,36.608000000000004,20.4879,
2020-08-03,1.1726,124.51,1.9558,,26.319000000000003,7.4466,,0.9001299999999999,345.72,,,,4.4201,,4.8355,10.2958,,,1.0784,160.0,10.7188,7.4755,86.6018,,8.1864,1.6508,6.1375,1.5755,8.19,9.0882,17254.0,4.0056,88.1805,1401.26,26.269000000000002,4.9501,1.7701,57.57899999999999,1.6147,36.644,20.2777,
2020-07-31,1.1848,124.31,1.9558,,26.175,7.4442,,0.9005299999999999,344.95,,,,4.4034,,4.8315,10.2835,,,1.0769,160.0,10.7323,7.4815,87.69,,8.2595,1.6488,6.1219,1.5898,8.2637,9.1825,17364.0,4.0312,88.6355,1409.56,26.278000000000002,5.023,1.7771,58.123999999999995,1.6245,36.948,20.096,
2020-07-30,1.1743,123.58,1.9558,,26.248,7.4426,,0.9026799999999999,345.6,,,,4.408,,4.8318,10.3068,,,1.0744,159.2,10.7213,7.4879999999999995,86.6233,,8.1978,1.6446,6.1189,1.5771,8.224,9.1011,17144.78,3.9947,87.94,1404.16,26.0101,4.9784,1.7727,57.681999999999995,1.6161,36.92,19.707,
2020-07-29,1.1725,123.28,1.9558,,26.291,7.4427,,0.90385,347.67,,,,4.4194,,4.8345,10.287,,,1.0766,159.0,10.6573,7.494,84.9125,,8.1748,1.6348,6.0149,1.5665,8.2067,9.0869,17042.29,3.9985,87.694,1400.22,25.631,4.9755,1.764,57.538000000000004,1.6142,36.899,19.3269,
2020-07-28,1.1717,123.34,1.9558,,26.250999999999998,7.4429,,0.9096799999999999,346.98,,,,4.4054,,4.8355,10.282,,,1.0758,158.6,10.694,7.507000000000001,84.8413,,8.1283,1.6412,6.065,1.5693,8.2041,9.081,17030.66,4.0021,87.714,1406.13,25.8438,4.9827,1.7630000000000001,57.663999999999994,1.6168,36.92,19.4315,
2020-07-27,1.176,123.88,1.9558,,26.193,7.4436,,0.9134,345.91,,,,4.4016,,4.8303,10.2678,,,1.0838,158.4,10.6683,7.5163,84.0682,,8.0552,1.6472,6.0919,1.5729,8.2344,9.1154,17075.52,4.0143,87.885,1407.15,26.0083,5.0009,1.7605,57.817,1.6216,37.05,19.338,
2020-07-24,1.1608,123.36,1.9558,,26.268,7.4438,,0.90985,346.98,,,,4.4046,,4.8325,10.269,,,1.073,157.8,10.6953,7.517,83.3938,,7.9496,1.6376,6.0777,1.5578,8.1453,8.9978,16982.0,3.9642,86.866,1396.83,26.0804,4.9502,1.7506,57.316,1.6083,36.821,19.435,
2020-07-23,1.1569,123.98,1.9558,,26.342,7.4429,,0.91195,347.31,,,,4.4141,,4.8355,10.264000000000001,,,1.0731,157.8,10.6073,7.5215,82.5723,,7.9229,1.6246,5.9524,1.5486,8.1057,8.9676,16948.0,3.9560000000000004,86.57700000000001,1389.31,25.9685,4.9267,1.7384,57.202,1.6033,36.685,19.2203,
2020-07-22,1.1578,123.94,1.9558,,26.365,7.4442,,0.9112299999999999,349.27,,,,4.4288,,4.8413,10.2415,,,1.0785,157.8,10.5343,7.522,81.9588,,7.9299,1.6139,5.992000000000001,1.554,8.0999,8.9741,16867.99,3.9621,86.288,1384.38,25.8715,4.9235,1.7328,57.11,1.6015,36.546,18.952,
2020-07-21,1.1443,122.7,1.9558,,26.429000000000002,7.4449,,0.90055,350.64,,,,4.4362,,4.8392,10.238999999999999,,,1.074,159.3,10.4933,7.53,81.0833,,7.8369,1.6154,6.0416,1.5399,7.9982,8.8704,16830.0,3.9202,85.3805,1367.96,25.590999999999998,4.8764,1.7305,56.455,1.5891,36.194,18.8806,
2020-07-20,1.1448,122.63,1.9558,,26.598000000000003,7.4479999999999995,,0.90575,352.56,,,,4.4592,,4.8418,10.300999999999998,,,1.0736,160.2,10.606,7.534,81.875,,7.8508,1.6359,6.148,1.5532,7.9992,8.8744,16925.87,3.9279,85.6355,1377.07,25.8217,4.8797,1.7435,56.5,1.5909,36.376,19.1409,
2020-07-17,1.1428,122.53,1.9558,,26.682,7.4453,,0.9107799999999999,353.72,,,,4.4827,,4.8422,10.333,,,1.0753,160.2,10.5995,7.537999999999999,81.8409,,7.8413,1.636,6.0839,1.551,7.9975,8.8617,16793.45,3.9253,85.67,1376.55,25.6132,4.8723,1.7463,56.511,1.5887,36.238,19.0496,
2020-07-16,1.1414,122.24,1.9558,,26.693,7.4452,,0.90875,354.08,,,,4.4928,,4.8433,10.35,,,1.0787,160.0,10.6148,7.5356,81.1888,,7.832000000000001,1.6338,6.1154,1.5452,7.9861,8.851,16692.98,3.9207,85.8555,1373.74,25.5051,4.8755,1.7439,56.498999999999995,1.5888,36.148,19.0181,
2020-07-15,1.1444,122.25,1.9558,,26.587,7.4465,,0.9054,353.25,,,,4.4688,,4.8439,10.3468,,,1.0783,160.7,10.6275,7.5308,81.0468,,7.8568,1.6293,6.0911,1.5527,7.9975,8.8718,16693.94,3.9244,85.971,1373.55,25.4759,4.878,1.7397,56.583999999999996,1.5884,36.037,18.9061,
2020-07-14,1.1375,122.17,1.9558,,26.638,7.4447,,0.9077799999999999,355.48,,,,4.4781,,4.8435,10.3855,,,1.0691,159.4,10.710999999999999,7.5295,80.837,,7.8111,1.6348,6.0925,1.5488,7.9805,8.8171,16436.88,3.9092,85.7725,1371.98,25.7383,4.8588,1.7417,56.305,1.5846,35.922,19.0732,
2020-07-13,1.1329,121.4,1.9558,,26.648000000000003,7.4448,,0.89938,353.83,,,,4.4758,,4.8443,10.3833,,,1.0685,159.4,10.665,7.534,80.14699999999999,,7.7824,1.6248,6.0494,1.5366,7.9309,8.7809,16342.08,3.9026,85.21600000000001,1361.37,25.4857,4.8306,1.7226,55.998000000000005,1.5743,35.562,18.9726,
2020-07-10,1.1276,120.48,1.9558,,26.691,7.4483,,0.8957,353.7,,,,4.4743,,4.8428,10.398,,,1.0625,159.0,10.7163,7.5345,80.2104,,7.7417,1.6247,6.0691,1.5336,7.8952,8.7396,16276.91,3.9006,84.84100000000001,1354.7,25.6953,4.8109,1.7189,55.794,1.5703,35.316,19.0889,
2020-07-09,1.1342,121.67,1.9558,,26.622,7.4503,,0.89655,354.25,,,,4.4655,,4.8408,10.397,,,1.0634,158.7,10.6173,7.5365,80.0425,,7.7845,1.6239,6.0520000000000005,1.5314,7.922999999999999,8.7901,16326.81,3.9005,85.0455,1354.35,25.6985,4.8345,1.7223,56.062,1.5774,35.381,19.0691,
2020-07-08,1.1286,121.39,1.9558,,26.748,7.4493,,0.89923,355.49,,,,4.4765,,4.8408,10.431,,,1.0624,157.4,10.6885,7.5385,80.4584,,7.7478,1.6242,6.0439,1.5338,7.9163,8.7468,16268.0,3.8949,84.6455,1348.86,25.6433,4.8219,1.7237,55.898,1.5745,35.251999999999995,19.1628,
2020-07-07,1.129,121.61,1.9558,,26.680999999999997,7.4522,,0.9015,353.62,,,,4.4683,,4.8393,10.4555,,,1.0643,157.0,10.6428,7.5489999999999995,80.8888,,7.7508,1.6261,6.0701,1.5317,7.9287,8.7499,16302.76,3.895,84.4645,1349.06,25.4764,4.8259,1.726,55.891999999999996,1.5751,35.262,19.2908,
2020-07-06,1.1325,121.78,1.9558,,26.705,7.4516,,0.90505,352.83,,,,4.4689,,4.8375,10.4848,,,1.0642,157.2,10.6218,7.561,81.3769,,7.7743,1.6230000000000002,5.9745,1.5333,7.9498,8.7769,16328.0,3.8992,84.4535,1350.51,25.1207,4.8441,1.7293,55.871,1.5753,35.158,19.2761,
2020-07-03,1.1224,120.68,1.9558,,26.665,7.4516,,0.9012,352.55,,,,4.4687,,4.837,10.4715,,,1.0623,156.3,10.6775,7.557,80.2153,,7.6957,1.6175,6.0117,1.5233,7.931,8.6987,16286.02,3.8567,83.821,1346.54,25.3049,4.8123,1.7204,55.536,1.5654,34.918,19.1761,
2020-07-02,1.1286,121.24,1.9558,,26.631999999999998,7.4506,,0.90225,351.59,,,,4.474,,4.8355,10.4635,,,1.0648,156.2,10.6873,7.5605,79.4434,,7.7368,1.6296,5.9823,1.5343,7.9759,8.7469,16227.58,3.8903,84.354,1353.9,25.535999999999998,4.8366,1.7297,56.078,1.5726,35.054,19.0952,
2020-07-01,1.12,120.31,1.9558,,26.67,7.4528,,0.9043,354.5,,,,4.4583,,4.8366,10.4965,,,1.062,155.6,10.7736,7.5645,79.6793,,7.6777,1.6268,6.096,1.5217,7.9151,8.6808,15976.8,3.8704,84.62200000000001,1347.84,25.7005,4.8009,1.7362,55.791000000000004,1.5630000000000002,34.709,19.2935,
2020-06-30,1.1198,120.66,1.9558,,26.74,7.4526,,0.91243,356.58,,,,4.456,,4.8397,10.4948,,,1.0651,155.4,10.912,7.5708,79.63,,7.6761,1.6344,6.1118,1.5324,7.9219,8.6788,16184.41,3.8821,84.6235,1345.83,25.947,4.7989,1.7480000000000002,55.833999999999996,1.5648,34.624,19.4425,
2020-06-29,1.1284,121.07,1.9558,,26.848000000000003,7.4531,,0.9154,356.3,,,,4.4664,,4.843999999999999,10.478,,,1.0669,155.4,10.9013,7.569,78.9169,,7.7351,1.6406,6.1105,1.5409,7.9841,8.7456,16213.08,3.8745,85.19200000000001,1352.81,25.923000000000002,4.8352,1.7533,56.258,1.5708,34.845,19.4262,
2020-06-26,1.1213,119.93,1.9558,,26.808000000000003,7.4523,,0.90575,355.15,,,,4.4684,,4.8426,10.4773,,,1.0631,155.0,10.885,7.5575,77.88,,7.6865,1.6313,6.0595,1.5318,7.9298,8.6904,15944.89,3.847,84.8215,1346.19,25.5836,4.8115,1.7428,56.053000000000004,1.5608,34.674,19.3799,
2020-06-25,1.12,120.25,1.9558,,26.796,7.4534,,0.90133,354.35,,,,4.4653,,4.842,10.4865,,,1.0637,155.6,10.8748,7.567,77.7516,,7.6776,1.6321,6.0012,1.5282,7.9206,8.6805,15988.0,3.8545,84.712,1347.73,25.6315,4.7914,1.7465,56.075,1.56,34.647,19.4883,
2020-06-24,1.128,120.3,1.9558,,26.733,7.452999999999999,,0.90343,351.58,,,,4.448,,4.8433,10.5145,,,1.0679,157.1,10.7958,7.5745,78.0079,,7.7322,1.6342,5.8422,1.5331,7.9772,8.7421,15982.07,3.8691,85.3285,1356.39,25.4773,4.8194,1.7552,56.453,1.5668,34.788000000000004,19.5264,
2020-06-23,1.1318,121.05,1.9558,,26.612,7.4537,,0.9063,350.43,,,,4.4371,,4.8438,10.5175,,,1.0705,156.8,10.7345,7.577000000000001,77.7474,,7.7622,1.6272,5.9006,1.5269,7.9944,8.7716,16026.29,3.8808,85.43799999999999,1366.51,25.2497,4.8389999999999995,1.7391,56.685,1.5743,34.995,19.4719,
2020-06-22,1.1213,119.89,1.9558,,26.680999999999997,7.4543,,0.90328,346.6,,,,4.4493,,4.8422,10.5525,,,1.0654,155.1,10.7985,7.5926,77.8799,,7.6829,1.6292,5.9248,1.521,7.9348,8.6902,15988.62,3.8672,85.2585,1361.3,25.2313,4.7997,1.735,56.2,1.5639,34.76,19.5077,
2020-06-19,1.121,119.77,1.9558,,26.683000000000003,7.4554,,0.90505,345.44,,,,4.4516,,4.8428,10.567,,,1.0656,154.6,10.7135,7.5665,77.6565,,7.6887,1.6261,6.0029,1.5209,7.9332,8.6889,15927.67,3.862,85.352,1353.53,25.3126,4.7854,1.7403,56.133,1.5623,34.765,19.444000000000003,
2020-06-18,1.1222,120.0,1.9558,,26.689,7.4556,,0.90028,345.94,,,,4.4647,,4.8393,10.5525,,,1.0667,153.5,10.7083,7.5463,78.2063,,7.6968,1.6356,5.9738,1.5218,7.9545,8.6972,15806.19,3.8811,85.67299999999999,1359.26,25.2628,4.8008,1.742,56.302,1.5642,34.928000000000004,19.5334,
2020-06-17,1.1232,120.65,1.9558,,26.561,7.456,,0.8944799999999999,344.5,,,,4.4467,,4.8355,10.5123,,,1.0669,152.4,10.705,7.546,78.1853,,7.7012,1.6292,5.8521,1.5204,7.9602,8.7049,15948.04,3.8747,85.5505,1362.21,24.9416,4.8095,1.7395,56.273,1.565,35.055,19.2289,
2020-06-16,1.1308,121.39,1.9558,,26.564,7.4561,,0.8937,345.5,,,,4.4272,,4.8359,10.5136,,,1.0717,152.81,10.7389,7.5475,78.439,,7.7442,1.6324,5.7647,1.5319999999999998,8.0041,8.7634,15978.26,3.9244,86.04799999999999,1369.11,24.9681,4.8342,1.7474,56.663999999999994,1.5713,35.18,19.2518,
2020-06-15,1.1253,120.83,1.9558,,26.683000000000003,7.4559,,0.8964799999999999,347.06,,,,4.4352,,4.8335,10.5393,,,1.0679,151.7,10.8894,7.557,78.8516,,7.6967,1.6476,5.8049,1.5342,7.984,8.7211,16039.58,3.9348,85.5275,1366.08,25.4098,4.814,1.7471,56.653,1.5692,35.008,19.322,
2020-06-12,1.1304,121.26,1.9558,,26.698,7.4551,,0.8965299999999999,346.0,,,,4.4484,,4.8343,10.5103,,,1.0697,152.1,10.8475,7.566,78.7662,,7.7224,1.6447,5.7388,1.5347,7.999,8.7607,16058.24,3.9189,85.7875,1360.45,25.445,4.824,1.7553,56.763000000000005,1.5718,34.986,19.2794,
2020-06-11,1.1348,121.52,1.9558,,26.679000000000002,7.4549,,0.89665,344.85,,,,4.4729,,4.8345,10.5018,,,1.0697,151.7,10.72,7.5675,78.4949,,7.7391,1.6421,5.6471,1.5321,8.025,8.795,15904.22,3.9183,86.057,1359.18,25.4183,4.8223,1.7530000000000001,56.888999999999996,1.5758,35.122,19.1372,
2020-06-10,1.1375,122.16,1.9558,,26.609,7.4553,,0.8896299999999999,343.13,,,,4.4524,,4.8349,10.4605,,,1.0762,150.7,10.5383,7.569,78.1468,,7.7145,1.6219999999999999,5.5213,1.5228,8.0305,8.8157,16022.03,3.9045,85.90299999999999,1352.17,24.8255,4.8361,1.7357,56.766999999999996,1.5746,35.422,18.8376,
2020-06-09,1.1294,122.14,1.9558,,26.634,7.4568,,0.8912,345.0,,,,4.4464,,4.8365,10.4188,,,1.077,149.7,10.5418,7.5719,77.7388,,7.6859,1.6267,5.4944,1.5187,8.0025,8.753,15917.2,3.8974,85.3085,1353.3,24.5766,4.8287,1.7375,56.521,1.5708,35.418,18.8935,
2020-06-08,1.1285,123.41,1.9558,,26.585,7.4555,,0.8917299999999999,344.16,,,,4.4333,,4.8359,10.3978,,,1.0861,149.5,10.4603,7.565,77.0563,,7.6574,1.6156,5.5702,1.5126,7.9836,8.746,15815.42,3.8911,85.241,1353.2,24.322,4.8159,1.7291,56.301,1.57,35.474000000000004,18.9799,
2020-06-05,1.133,123.77,1.9558,,26.589000000000002,7.4564,,0.8944799999999999,344.62,,,,4.4425,,4.8382,10.425,,,1.0866,148.9,10.5403,7.5715,77.8155,,7.6747,1.6227,5.7329,1.5237,8.0349,8.7809,15882.4,3.9172,85.63,1365.57,24.6466,4.8345,1.7392,56.457,1.5775,35.65,19.0823,
2020-06-04,1.125,122.48,1.9558,,26.623,7.4557,,0.89685,344.9,,,,4.4372,,4.8373,10.4172,,,1.0786,148.5,10.6048,7.5725,77.8132,,7.5868,1.6276,5.6989,1.5203,8.0066,8.7189,15856.88,3.9068,84.932,1368.73,24.4761,4.8077,1.751,56.108999999999995,1.5758,35.539,19.0059,
2020-06-03,1.1194,121.54,1.9558,,26.66,7.4547,,0.89065,345.89,,,,4.4135,,4.8393,10.4588,,,1.0793,151.0,10.6777,7.572,77.0055,,7.5703,1.6280000000000001,5.7993,1.5173,7.9599,8.6757,15885.35,3.8769,84.5055,1364.09,24.2772,4.7703,1.7532,55.923,1.5656,35.339,19.0844,
2020-06-02,1.1174,120.83,1.9558,,26.645,7.4541,,0.8908299999999999,345.67,,,,4.3993,,4.8423,10.452,,,1.0741,151.0,10.6798,7.5848,76.8001,,7.5698,1.631,5.9499,1.5106,7.9413,8.6609,16107.32,3.8864,84.039,1364.42,24.4448,4.7797,1.768,56.071000000000005,1.5668,35.271,19.2755,
2020-06-01,1.1116,119.75,1.9558,,26.859,7.4549,,0.8967299999999999,345.45,,,,4.4278,,4.8437,10.4635,,,1.0686,151.0,10.789000000000001,7.5895,77.4378,,7.5743,1.6488,5.9276,1.5228,7.9327,8.6165,16240.48,3.8947,83.93799999999999,1364.44,24.451999999999998,4.8004,1.7824,55.946999999999996,1.5669,35.204,19.3993,
2020-05-29,1.1136,119.29,1.9558,,26.921,7.4542,,0.9008799999999999,348.73,,,,4.4495,,4.8493,10.487,,,1.072,150.8,10.788,7.587000000000001,78.4416,,7.6101,1.6681,5.9654,1.528,7.9456,8.6347,16269.7,3.9065,84.1025,1376.21,24.57,4.8414,1.7863,56.231,1.5712,35.424,19.4239,
2020-05-28,1.1016,118.68,1.9558,,27.017,7.4544,,0.89728,349.74,,,,4.4242,,4.8435,10.548,,,1.0683,150.8,10.8553,7.59,77.9343,,7.5072,1.6624,5.8495,1.5155,7.8804,8.5407,16210.04,3.865,83.4635,1363.76,24.558000000000003,4.798,1.7776,55.792,1.5621,35.108000000000004,19.1981,
2020-05-27,1.0991,118.58,1.9558,,27.051,7.4583,,0.89595,348.7,,,,4.4372,,4.8433,10.5608,,,1.0675,151.2,10.8283,7.5893,78.1096,,7.4542,1.6565,5.8679,1.5126,7.8682,8.5204,16167.76,3.8511,83.245,1359.04,24.5396,4.7783,1.7719,55.668,1.5588,35.056,19.1477,
2020-05-26,1.0975,117.92,1.9558,,27.073,7.4558,,0.8887799999999999,349.6,,,,4.4506,,4.843999999999999,10.5563,,,1.06,154.1,10.8943,7.584,77.7494,,7.4014,1.6539,5.9114,1.5184,7.8269,8.5078,16193.61,3.8543,82.927,1352.23,24.3102,4.7889,1.7717,55.358000000000004,1.556,34.988,19.065,
2020-05-25,1.091,117.47,1.9558,,27.275,7.4568,,0.89515,350.72,,,,4.5031,,4.842,10.549000000000001,,,1.0597,155.3,10.9358,7.5845,78.2874,,7.4352,1.6678,6.0243,1.5261,7.7856,8.4599,16048.61,3.843,82.7925,1354.63,24.7353,4.7606,1.7890000000000001,55.382,1.5545,34.89,19.2807,
2020-05-22,1.0904,117.26,1.9558,,27.21,7.4578,,0.8956299999999999,349.4,,,,4.5209,,4.8435,10.5373,,,1.0591,156.3,10.9078,7.5845,77.9139,,7.4227,1.6694,6.0857,1.5273,7.7797,8.4571,16249.14,3.8459,82.7265,1353.51,25.045,4.7569,1.787,55.349,1.5521,34.778,19.2476,
2020-05-21,1.1,118.42,1.9558,,27.212,7.4563,,0.89943,348.59,,,,4.5298,,4.8423,10.53,,,1.0628,156.3,10.902999999999999,7.5805,77.9883,,7.4781,1.671,6.2532,1.531,7.8153,8.5298,16205.75,3.8659,83.0545,1354.6,25.5043,4.7801,1.7949,55.648999999999994,1.5561,34.991,19.6577,
2020-05-20,1.0958,117.95,1.9558,,27.43,7.4565,,0.8935799999999999,350.61,,,,4.5441,,4.842,10.5568,,,1.0584,156.5,10.8765,7.577000000000001,78.6001,,7.4419,1.6653,6.2656,1.5211,7.7806,8.4926,16127.44,3.8397,82.8635,1345.71,25.6425,4.7684,1.7859,55.446999999999996,1.5503,34.868,19.7503,
2020-05-19,1.095,118.0,1.9558,,27.49,7.4562,,0.89535,350.35,,,,4.551,,4.8428,10.5685,,,1.0633,156.5,10.9153,7.5713,79.3839,,7.4448,1.6751,6.2357,1.5251,7.7816,8.487,16177.5,3.8601,82.8535,1341.19,25.8567,4.7583,1.8004,55.567,1.5513,34.946999999999996,19.9649,
2020-05-18,1.0832,116.31,1.9558,,27.61,7.4548,,0.8915299999999999,353.39,,,,4.5596,,4.8388,10.6103,,,1.0521,157.1,10.9663,7.558,78.908,,7.4276,1.6736,6.2701,1.5202,7.7068,8.3964,16077.45,3.8321,82.1435,1332.42,25.6337,4.732,1.8096,55.102,1.5426,34.684,19.8913,
2020-05-15,1.0798,115.53,1.9558,,27.589000000000002,7.4576,,0.88738,354.7,,,,4.565,,4.84,10.6695,,,1.0513,157.5,11.0568,7.5693,79.6208,,7.4689,1.6805,6.3172,1.5231,7.6759,8.3693,16127.82,3.8178,81.9885,1332.6,25.8966,4.6982,1.8145,54.778,1.5397,34.656,20.0761,
2020-05-14,1.0792,115.48,1.9558,,27.570999999999998,7.4573,,0.88495,354.66,,,,4.5666,,4.8375,10.6418,,,1.0512,158.3,11.0598,7.5729999999999995,80.0145,,7.5159,1.6805,6.3925,1.5224,7.6655,8.3647,16134.8,3.8209,81.592,1329.17,26.247,4.6843,1.8068,54.591,1.5374,34.675,20.1637,
2020-05-13,1.0875,116.28,1.9558,,27.408,7.4556,,0.88245,353.58,,,,4.5636,,4.8353,10.5843,,,1.0528,158.3,10.937999999999999,7.5705,79.5893,,7.5861,1.6687,6.3606,1.5243,7.7102,8.4286,16092.26,3.819,81.8825,1331.08,26.2304,4.704,1.7983,54.545,1.538,34.844,19.919,
2020-05-12,1.0858,116.56,1.9558,,27.423000000000002,7.4577,,0.8777299999999999,350.75,,,,4.5449,,4.8301,10.5968,,,1.052,158.7,11.0518,7.5653,79.4157,,7.5979,1.6625,6.2708,1.5178,7.6933,8.4154,16073.64,3.807,81.593,1326.17,25.8251,4.6977,1.7742,54.388000000000005,1.5357,34.854,19.7382,
2020-05-11,1.0824,116.16,1.9558,,27.6,7.4595,,0.87875,349.84,,,,4.5591,,4.8303,10.5998,,,1.0519,158.7,11.046,7.565,79.6981,,7.6596,1.6709,6.2691,1.5136,7.6783,8.3893,16202.32,3.8072,82.096,1325.57,25.9201,4.6911,1.7808,54.527,1.5335,34.836999999999996,19.96,
2020-05-08,1.0843,115.34,1.9558,,27.250999999999998,7.4598,,0.87535,349.38,,,,4.5482,,4.828,10.5875,,,1.0529,158.5,11.0695,7.5573,79.8383,,7.7252,1.6613,6.3074,1.5118,7.6719,8.4052,16229.26,3.8031,81.9615,1322.41,25.9023,4.6994,1.7668,54.681000000000004,1.5326,34.958,19.997,
2020-05-07,1.0783,114.91,1.9558,,27.158,7.4605,,0.8747799999999999,349.36,,,,4.5467,,4.8235,10.62,,,1.053,159.1,11.0405,7.5665,79.5801,,7.7792,1.6704,6.2271,1.5177,7.6427,8.357999999999999,16223.02,3.7881,81.7685,1320.18,26.0677,4.6631,1.7819999999999998,54.497,1.5303,34.969,20.0698,
2020-05-06,1.0807,114.65,1.9558,,26.987,7.4618,,0.8725299999999999,349.59,,,,4.5394,,4.8233,10.6278,,,1.053,159.3,11.09,7.569,80.7789,,7.7178,1.7046,6.0896,1.5225,7.6707,8.3763,16259.13,3.7914,81.9815,1323.48,26.0485,4.6713,1.7839,54.62,1.5335,35.004,20.0603,
2020-05-05,1.0843,115.71,1.9558,,26.978,7.4612,,0.8706,350.27,,,,4.5316,,4.8260000000000005,10.698,,,1.0525,159.3,11.173,7.5735,80.4713,,7.6866,1.6825,5.9576,1.5201,7.6575,8.4057,16372.93,3.8193,82.1435,1324.81,25.885,4.6674,1.791,54.863,1.5359,35.126,19.9018,
2020-05-04,1.0942,116.84,1.9558,,27.119,7.4622,,0.8789799999999999,353.27,,,,4.5668,,4.8368,10.8113,,,1.0548,159.5,11.328,7.582000000000001,82.3404,,7.6932,1.7022,6.0781,1.5390000000000001,7.7275,8.4838,16522.42,3.8581,82.787,1340.0,26.8862,4.7226,1.8083,55.379,1.5495,35.397,20.3924,
2020-04-30,1.0876,115.87,1.9558,,27.096999999999998,7.4584,,0.86905,352.72,,,,4.5336,,4.8431,10.6639,,,1.0558,159.3,11.184000000000001,7.579,79.892,,7.5979,1.6598,5.8565,1.5077,7.6665,8.43,16178.05,3.8069,81.6108,1313.09,25.7953,4.6767,1.7705,54.772,1.5324,35.216,19.6572,
2020-04-29,1.0842,115.52,1.9558,,27.125,7.4571,,0.8737799999999999,355.55,,,,4.5442,,4.8435,10.7338,,,1.0571,159.5,11.2728,7.564,79.821,,7.5767,1.6655,5.9318,1.5129,7.6723,8.4029,16611.03,3.8058,82.0215,1321.59,26.1528,4.7136,1.7831,54.763000000000005,1.5344,35.15,19.9836,
2020-04-28,1.0877,116.06,1.9558,,27.226999999999997,7.457000000000001,,0.8707799999999999,355.94,,,,4.5468,,4.8445,10.748,,,1.0586,159.5,11.2783,7.56,80.6862,,7.6115,1.6734,6.1004,1.5179,7.6977,8.4301,16714.69,3.8080000000000003,82.522,1325.8,26.5269,4.7451,1.7956,55.032,1.5407,35.28,20.2913,
2020-04-27,1.0852,116.22,1.9558,,27.184,7.4591,,0.8726299999999999,354.57,,,,4.5287,,4.837,10.8748,,,1.0557,158.8,11.4513,7.5525,80.4926,,7.5775,1.6795,6.0328,1.5255,7.686,8.4104,16695.8,3.8109,82.6195,1328.82,27.0245,4.725,1.7893,54.986999999999995,1.5391,35.236,20.4109,
2020-04-24,1.08,116.22,1.9558,,27.31,7.4577,,0.87498,355.19,,,,4.5284,,4.8419,10.8723,,,1.0525,158.6,11.4785,7.5523,80.3991,,7.5365,1.6943,6.0128,1.5173,7.6455,8.3706,16875.0,3.7985,82.366,1332.59,26.8331,4.7093,1.7991,54.891000000000005,1.5396,35.03,20.5019,
2020-04-23,1.0772,115.75,1.9558,,27.551,7.4577,,0.872,357.51,,,,4.5379,,4.8425,10.8883,,,1.0511,158.6,11.5165,7.575,80.6062,,7.4788,1.6918,5.8666,1.5226,7.6259,8.3489,16772.0,3.8207,81.94,1326.8,26.3418,4.6966,1.7947,54.571000000000005,1.5331,34.815,20.5432,
2020-04-22,1.0867,117.01,1.9558,,27.534000000000002,7.4589,,0.8792,355.11,,,,4.5349,,4.8391,10.9423,,,1.0523,158.6,11.6775,7.57,83.1961,,7.6008,1.7199,5.7866,1.5375,7.6964,8.422,16935.13,3.85,83.1685,1339.66,26.3895,4.7437,1.82,55.096000000000004,1.5508,35.176,20.4413,
2020-04-21,1.0837,116.39,1.9558,,27.447,7.4582,,0.8812,355.02,,,,4.5291,,4.8373,10.9543,,,1.0517,157.8,11.4843,7.57,83.2936,,7.5658,1.7266,5.7619,1.5393,7.6888,8.3987,17001.63,3.8522,83.376,1335.34,26.3957,4.7634,1.8181,55.096000000000004,1.551,35.269,20.5853,
2020-04-20,1.0859999999999999,117.11,1.9558,,27.328000000000003,7.4584,,0.8734299999999999,354.57,,,,4.5272,,4.8377,10.8623,,,1.0518,156.9,11.2698,7.5503,80.9728,,7.522,1.7085,5.7463,1.5325,7.6819,8.4168,16871.01,3.8783,83.1435,1323.52,26.1086,4.7507,1.7962,55.126000000000005,1.5455,35.284,20.3486,
2020-04-17,1.0859999999999999,116.86,1.9558,,27.163,7.4603,,0.8697799999999999,351.81,,,,4.5185,,4.8356,10.8548,,,1.0515,156.5,11.2845,7.5715,80.365,,7.4981,1.7088,5.6798,1.528,7.6821,8.4171,16925.99,3.8988,83.0565,1321.53,26.0926,4.7458,1.8043,55.295,1.5447,35.328,20.3626,
2020-04-16,1.0888,117.12,1.9558,,27.053,7.4619,,0.8716299999999999,349.56,,,,4.5288,,4.8373,10.8895,,,1.0516,156.5,11.4145,7.601,80.62100000000001,,7.5506,1.7266,5.699,1.5359,7.6991,8.4391,17089.8,3.9082,83.705,1334.51,26.2939,4.7655,1.821,55.413999999999994,1.5539,35.56,20.2373,
2020-04-15,1.0903,117.12,1.9558,,26.991,7.4637,,0.87385,350.3,,,,4.5381,,4.8378,10.9323,,,1.0534,156.1,11.4503,7.61,81.2045,,7.5093,1.7299,5.7116,1.5330000000000001,7.6998,8.4513,17201.21,3.9412,83.414,1330.54,26.0801,4.7314,1.8223,55.31100000000001,1.5533,35.631,20.4137,
2020-04-14,1.0963,117.66,1.9558,,26.864,7.4623,,0.8725299999999999,350.7,,,,4.5473,,4.8343,10.9158,,,1.0543,155.9,11.3118,7.6129999999999995,80.3923,,7.4472,1.7139,5.6585,1.5257,7.7366,8.4975,17229.09,3.928,83.494,1332.53,25.8485,4.7508,1.8008,55.453,1.5521,35.86,20.0255,
2020-04-09,1.0867,118.33,1.9558,,26.909000000000002,7.4657,,0.87565,354.76,,,,4.5586,,4.833,10.9455,,,1.0558,155.9,11.2143,7.6175,80.69,,7.3233,1.7444,5.5956,1.5265,7.6709,8.4259,17243.21,3.8919,82.9275,1322.49,26.0321,4.7136,1.8128,54.93899999999999,1.5479,35.665,19.6383,
2020-04-08,1.0871,118.36,1.9558,,27.183000000000003,7.4639999999999995,,0.8794799999999999,359.34,,,,4.5442,,4.8365,10.9385,,,1.0557,155.8,11.194,7.6235,82.1046,,7.3798,1.7596,5.6741,1.5233,7.6818,8.4277,17636.02,3.9054,82.87299999999999,1324.36,26.3367,4.7274,1.8194,54.977,1.5517,35.613,19.7624,
2020-04-07,1.0885,118.55,1.9558,,27.215,7.4675,,0.8809299999999999,357.62,,,,4.5356,,4.8315,10.8788,,,1.0582,155.3,11.0945,7.632000000000001,82.5675,,7.3562,1.7578,5.6678,1.5259,7.6802,8.4381,17562.95,3.9178,82.25200000000001,1319.39,26.4166,4.7268,1.8159999999999998,54.915,1.5501,35.665,19.9838,
2020-04-06,1.0791,117.54,1.9558,,27.603,7.466,,0.878,365.24,,,,4.5643,,4.8335,10.9788,,,1.056,155.5,11.3875,7.6255,82.48100000000001,,7.3136,1.7790000000000001,5.7056,1.528,7.6519,8.3651,17710.73,3.9144,82.10600000000001,1326.04,27.0896,4.7097,1.82,54.667,1.548,35.459,20.3534,
2020-04-03,1.0785,117.1,1.9558,,27.539,7.4689,,0.8785,365.15,,,,4.5765,,4.8307,10.952,,,1.0547,155.7,11.2628,7.63,82.8075,,7.2296,1.8004,5.6893,1.5299,7.6476,8.3625,17918.68,3.9267,82.21600000000001,1332.82,26.546999999999997,4.7006,1.8423,54.805,1.5489,35.601,20.2642,
2020-04-02,1.0906,117.06,1.9558,,27.553,7.4661,,0.8773799999999999,363.73,,,,4.5697,,4.832,10.9265,,,1.0551,155.3,11.2345,7.6305,85.8405,,7.2665,1.797,5.7023,1.5451,7.7387,8.4545,18166.12,3.9777,83.32600000000001,1339.88,26.4999,4.7524,1.838,55.485,1.5617,35.961,20.177,
2020-04-01,1.0936,117.55,1.9558,,27.369,7.4642,,0.8846,369.36,,,,4.5815,,4.834,10.9368,,,1.0564,156.1,11.2685,7.6285,86.475,,7.2925,1.8053,5.7349,1.5601,7.7653,8.4781,18239.61,3.9015,83.6004,1346.48,26.4097,4.7654,1.8547,55.708999999999996,1.5689,36.111,19.6619,
2020-03-31,1.0956,118.9,1.9558,,27.311999999999998,7.4674,,0.8864299999999999,360.02,,,,4.5506,,4.8283,11.0613,,,1.0585,155.6,11.51,7.6255,85.9486,,7.2063,1.7967,5.7001,1.5617,7.7784,8.4945,17869.24,3.9018,82.8985,1341.03,26.1772,4.7330000000000005,1.8417,55.865,1.5633,35.925,19.6095,
2020-03-30,1.1034,119.34,1.9558,,27.315,7.4667,,0.889,358.72,,,,4.5509,,4.8278,11.0375,,,1.0571,154.3,11.6888,7.6265,88.1385,,7.2475,1.8021,5.6511,1.5626,7.8337,8.5559,18088.04,3.9544,83.5,1351.52,26.246,4.7806,1.8405,56.196000000000005,1.5732,36.080999999999996,19.7286,
2020-03-27,1.0977,119.36,1.9558,,27.299,7.4606,,0.89743,355.65,,,,4.5306,,4.8375,11.0158,,,1.0581,154.0,11.6558,7.614,86.3819,,7.0935,1.8209,5.5905,1.5521,7.7894,8.5095,17716.88,3.9413,82.8695,1346.31,25.8329,4.7619,1.8548,56.125,1.5762,35.769,19.3415,
2020-03-26,1.0981,120.18,1.9558,,27.55,7.4659,,0.91348,354.99,,,,4.5748,,4.8335,11.007,,,1.0634,153.5,11.5273,7.6115,85.31,,7.0407,1.8162,5.4806,1.5466,7.7675,8.5136,17686.0,3.9585,82.5345,1336.46,26.0735,4.7603,1.8530000000000002,55.981,1.5759,35.836,19.1484,
2020-03-25,1.0827,120.67,1.9558,,27.445999999999998,7.4682,,0.9150299999999999,354.97,,,,4.5817,,4.8446,10.9638,,,1.0602,151.9,11.7745,7.6083,84.8015,,6.9672,1.7993,5.4937,1.5539,7.6844,8.3941,17447.71,3.9411,82.699,1334.82,26.5704,4.7493,1.8479,55.25,1.5651,35.491,18.8478,
2020-03-24,1.0843,119.99,1.9558,,27.808000000000003,7.4669,,0.9209999999999999,353.07,,,,4.6146,,4.8357,11.0888,,,1.0572,151.7,11.9745,7.6118,85.1561,,7.011,1.8315,5.5116,1.5716,7.6549,8.4088,17701.2,3.9379,82.35799999999999,1346.65,26.9302,4.803999999999999,1.8676,55.375,1.5692,35.533,19.0754,
2020-03-23,1.0783,119.11,1.9558,,27.635,7.4706,,0.9297,352.33,,,,4.6056,,4.8481,11.0715,,,1.0590000000000002,151.5,12.2568,7.606,86.08,,7.1016,1.8586,5.4652,1.551,7.6385,8.3631,17872.82,3.9572,82.1255,1355.1,26.613000000000003,4.793,1.8939,55.425,1.5745,35.438,19.014,
2020-03-20,1.0707,118.37,1.9558,,27.191,7.4691,,0.91028,350.91,,,,4.5315,,4.8505,11.0598,,,1.0546,150.7,12.1215,7.6098,85.1038,,6.9806,1.8226,5.3937,1.5257,7.5919,8.3056,17050.9,3.8683,80.465,1335.64,25.6864,4.7052,1.8521,54.895,1.5515,34.851,18.5127,
2020-03-19,1.0801,118.63,1.9558,,27.605999999999998,7.4731,,0.92985,356.06,,,,4.5604,,4.8445,11.1523,,,1.0535,152.2,12.3165,7.608,86.9346,,7.0625,1.8635,5.6037,1.5623,7.6849,8.3849,17187.09,3.9802,81.14,1364.14,26.2955,4.7686,1.8903,55.593,1.5643,35.076,18.68,
2020-03-18,1.0934,117.78,1.9558,,27.154,7.4732,,0.9219,351.38,,,,4.501,,4.845,11.0223,,,1.0546,152.7,11.700999999999999,7.5935,87.0959,,7.0491,1.8568,5.6133,1.5749,7.6925,8.4917,16892.54,4.1654,81.1355,1377.8,26.2014,4.7793,1.8727,56.441,1.5759999999999998,35.448,18.5624,
2020-03-17,1.0982,117.5,1.9558,,26.985,7.4732,,0.90823,347.04,,,,4.4628,,4.8418,10.9593,,,1.0561,154.4,11.5063,7.5823,82.346,,7.1286,1.8287,5.528,1.5512,7.7095,8.5274,16681.66,4.2411,81.567,1365.21,25.0491,4.7777,1.8419999999999999,56.563,1.5691,35.461,18.2288,
2020-03-16,1.1157,117.76,1.9558,,26.96,7.4731,,0.9091799999999999,344.97,,,,4.407,,4.8343,10.8998,,,1.0546,151.2,11.4765,7.5785,83.5905,,7.1568,1.8198,5.5381,1.5539,7.8351,8.6682,16756.2,4.1795,82.8075,1373.34,25.4478,4.8092,1.8499,57.625,1.5868,35.937,18.5602,
2020-03-13,1.1104,119.11,1.9558,,26.041999999999998,7.4732,,0.8907,338.88,,,,4.357,,4.8213,10.8453,,,1.0608,150.0,11.0966,7.563,80.7385,,6.985,1.7684,5.2042,1.5389,7.7587,8.6255,16400.61,4.0867,81.8765,1341.38,23.7835,4.7508,1.8119999999999998,56.453,1.5684,35.244,17.9235,
2020-03-12,1.124,116.84,1.9558,,26.203000000000003,7.4727,,0.88623,338.37,,,,4.3599,,4.8213,10.8945,,,1.0549,148.64,11.3682,7.6,84.0284,,7.0361,1.7674,5.5081,1.5524,7.8877,8.7466,16434.0,4.0909,83.46799999999999,1359.4,24.8028,4.7944,1.8173,57.645,1.5779,35.586,18.4447,
2020-03-11,1.1336,118.55,1.9558,,25.77,7.4726,,0.8769,335.46,,,,4.3180000000000005,,4.8213,10.7238,,,1.0591,145.7,10.8558,7.5745,81.3785,,7.0236,1.7389,5.2874,1.5579,7.8801,8.8071,16269.99,4.0316,83.5215,1348.07,23.9025,4.8002,1.7951,57.383,1.5741,35.584,18.21,
2020-03-10,1.139,118.65,1.9558,,25.725,7.4714,,0.87385,336.2,,,,4.3260000000000005,,4.8178,10.8015,,,1.0594,145.3,10.8433,7.5425,81.5975,,6.9884,1.7377,5.3243,1.5579,7.9239999999999995,8.8496,16282.0,4.0147,84.11,1357.12,23.8739,4.8265,1.8006,57.537,1.5817,35.809,18.1596,
2020-03-09,1.1456,117.12,1.9558,,25.504,7.4695,,0.8738299999999999,336.25,,,,4.3132,,4.8175,10.7203,,,1.0594,145.0,10.89,7.55,85.1553,,7.0002,1.733,5.4418,1.5613,7.96,8.9041,16488.05,4.0275,84.96,1374.71,24.3268,4.8304,1.8021,58.013000000000005,1.5841,36.080999999999996,18.2898,
2020-03-06,1.1336,119.08,1.9558,,25.458000000000002,7.4697,,0.87165,335.48,,,,4.3042,,4.811,10.6145,,,1.0589,143.0,10.4983,7.5035,77.5058,,6.9209,1.7103,5.2748,1.5213,7.8511,8.8089,16558.49,3.9576,83.586,1351.63,22.9958,4.7294,1.7858,57.542,1.5630000000000002,35.64,17.8514,
2020-03-05,1.1187,119.63,1.9558,,25.346,7.4712,,0.8667,335.7,,,,4.3029,,4.811,10.5915,,,1.0663,142.2,10.370999999999999,7.4905,74.307,,6.8038,1.6917,5.148,1.5021,7.7579,8.6936,15851.98,3.8814,82.15299999999999,1327.01,22.0737,4.6532,1.7744,56.785,1.5495,35.295,17.2746,
2020-03-04,1.1125,119.58,1.9558,,25.34,7.4727,,0.8685,334.96,,,,4.2968,,4.8073,10.5555,,,1.0647,142.2,10.3051,7.4848,73.218,,6.7828,1.6794,5.0146,1.4862,7.7014,8.6437,15702.94,3.8451,81.5025,1314.96,21.4105,4.6491,1.7667,56.288000000000004,1.54,34.866,16.9784,
2020-03-03,1.1117,119.77,1.9558,,25.475,7.473,,0.8701,336.68,,,,4.3166,,4.8087,10.559000000000001,,,1.0646,142.9,10.3328,7.4853,74.005,,6.8626,1.6911,5.0032,1.4857,7.7572,8.6471,15877.0,3.847,81.429,1327.59,21.6599,4.6758,1.7728,56.467,1.5479,35.063,17.3245,
2020-03-02,1.1122,119.82,1.9558,,25.525,7.473,,0.87113,336.92,,,,4.3276,,4.8106,10.6063,,,1.0655,141.7,10.4043,7.4835,74.56,,6.9253,1.6998,4.9938,1.4857,7.7469,8.6525,15909.41,3.8826,80.917,1325.85,21.9963,4.6751,1.7738,56.511,1.5449,34.968,17.4202,
2020-02-28,1.0977,119.36,1.9558,,25.39,7.4723,,0.85315,337.57,,,,4.3259,,4.813,10.6738,,,1.0614,139.3,10.3888,7.4695,73.6096,,6.8348,1.6875,4.9232,1.4757,7.6662,8.555,15749.25,3.8052,79.285,1324.98,21.636999999999997,4.6263,1.7608,56.027,1.5317,34.632,17.0961,
2020-02-27,1.0964,120.46,1.9558,,25.283,7.4725,,0.84995,338.37,,,,4.3124,,4.81,10.5753,,,1.0627,139.3,10.2918,7.4625,72.1052,,6.7538,1.6672,4.8975,1.4636,7.6813,8.5456,15387.97,3.7671,78.538,1327.83,21.2601,4.6164,1.7326,55.766999999999996,1.5294,34.701,16.842,
2020-02-26,1.0875,120.13,1.9558,,25.344,7.471,,0.8415,339.28,,,,4.3094,,4.805,10.5813,,,1.0606,139.3,10.2113,7.4605,71.2368,,6.6981,1.6565,4.7741,1.4469,7.6329,8.4742,15221.86,3.7429,77.9195,1322.29,20.805999999999997,4.5952,1.7273,55.538000000000004,1.5204,34.664,16.4555,
2020-02-25,1.084,119.92,1.9558,,25.226,7.4701,,0.8363,337.41,,,,4.3012,,4.8098,10.5688,,,1.0605,139.3,10.16,7.4567,70.7943,,6.6688,1.6442,4.7569,1.4403,7.6045,8.4445,15094.7,3.7158,77.72399999999999,1315.68,20.6185,4.5886,1.716,55.36,1.5166,34.39,16.4649,
2020-02-24,1.0818,120.52,1.9558,,25.186,7.4699,,0.8383299999999999,337.61,,,,4.2989,,4.8063,10.5833,,,1.06,139.3,10.1328,7.465,70.6675,,6.6599,1.6384,4.7474,1.4372,7.6102,8.4324,15098.95,3.7208,77.8265,1319.2,20.7234,4.5728,1.7095,55.248000000000005,1.5164,34.336,16.3592,
2020-02-21,1.0801,120.96,1.9558,,25.061,7.4702,,0.8351,337.1,,,,4.2835,,4.803999999999999,10.569,,,1.061,138.3,10.0873,7.449,69.548,,6.6131,1.6363,4.755,1.432,7.5945,8.4117,14867.58,3.6985,77.75399999999999,1309.45,20.5183,4.5294,1.7104,54.955,1.5131,34.164,16.2965,
2020-02-20,1.079,120.86,1.9558,,25.037,7.4681,,0.8384,338.0,,,,4.2825,,4.7979,10.5985,,,1.0616,138.1,10.0455,7.4495,68.806,,6.5806,1.6294,4.7341,1.4304,7.5787,8.396,14790.39,3.7009,77.2745,1301.79,20.1685,4.5145,1.7046,54.725,1.5111,33.924,16.2966,
2020-02-19,1.08,119.35,1.9558,,24.962,7.4693,,0.8314799999999999,336.33,,,,4.2712,,4.7792,10.5743,,,1.0621,138.1,10.0178,7.4453,68.6245,,6.5606,1.6142,4.7184,1.4281,7.5538,8.3925,14783.04,3.6946,77.2345,1284.75,20.069000000000003,4.4955,1.6883,54.61600000000001,1.5033,33.696,16.1425,
2020-02-18,1.0816,118.7,1.9558,,24.898000000000003,7.4702,,0.82985,334.83,,,,4.2746,,4.7823,10.5498,,,1.0619,137.7,10.0883,7.444,68.9685,,6.5643,1.6195,4.7009,1.4345,7.5732,8.4024,14780.06,3.7028,77.39,1288.74,20.1596,4.4919,1.6921,54.799,1.5058,33.773,16.2792,
2020-02-17,1.0835,119.05,1.9558,,24.793000000000003,7.4701,,0.8323799999999999,334.64,,,,4.262,,4.7768,10.5323,,,1.0641,137.7,10.0373,7.4465,68.7554,,6.5542,1.6129,4.6739,1.4334,7.5645,8.416,14792.48,3.7131,77.342,1282.7,20.1243,4.4911,1.6864,54.787,1.5047,33.778,16.2095,
2020-02-14,1.0842,119.11,1.9558,,24.828000000000003,7.4713,,0.8320799999999999,335.67,,,,4.249,,4.7684,10.5085,,,1.0641,137.5,10.0258,7.449,68.9116,,6.5735,1.6151,4.6927,1.4363,7.5757,8.4214,14870.88,3.7177,77.46600000000001,1283.75,20.1606,4.4886,1.6864,54.806000000000004,1.5090000000000001,33.848,16.1139,
2020-02-13,1.0867,119.21,1.9558,,24.835,7.4721,,0.83375,337.12,,,,4.2513,,4.7645,10.4823,,,1.0633,137.7,10.0415,7.4513,69.0209,,6.5843,1.6138,4.7182,1.4406,7.5889999999999995,8.4398,14892.14,3.7231,77.4495,1286.02,20.2411,4.5006,1.6835,54.863,1.5096,33.839,16.1313,
2020-02-12,1.0914,120.03,1.9558,,24.878,7.4718,,0.8405799999999999,339.49,,,,4.2554,,4.7663,10.4965,,,1.0645,137.9,10.0445,7.4575,68.753,,6.5923,1.6175,4.7286,1.4468,7.6073,8.4788,14912.89,3.7325,77.8345,1288.0,20.3274,4.513999999999999,1.6832,55.18899999999999,1.5122,33.948,16.1266,
2020-02-11,1.0901,119.73,1.9558,,24.965,7.4721,,0.84325,337.93,,,,4.2569,,4.7693,10.5373,,,1.0667,137.9,10.0953,7.459,69.3198,,6.5775,1.626,4.6995,1.4495,7.6025,8.4658,14919.11,3.72,77.6945,1290.63,20.3563,4.5059,1.7055,55.06100000000001,1.5127,34.082,16.2331,
2020-02-10,1.0951,120.18,1.9558,,25.026,7.4724,,0.8462799999999999,337.37,,,,4.2656,,4.7663,10.5728,,,1.07,137.9,10.1188,7.455,70.112,,6.5897,1.6373,4.721,1.4580000000000002,7.6471,8.5039,15037.15,3.7483,78.107,1301.41,20.5466,4.5425,1.7108,55.657,1.5209,34.277,16.4786,
2020-02-07,1.0969,120.51,1.9558,,25.03,7.4724,,0.8472,338.15,,,,4.2653,,4.7613,10.5455,,,1.0705,137.9,10.1673,7.455,70.0203,,6.5688,1.6417,4.7078,1.4604,7.6711,8.5168,15063.25,3.7585,78.3625,1309.78,20.5281,4.5412,1.7094,55.816,1.5255,34.333,16.4204,
2020-02-06,1.1003,120.87,1.9558,,24.893,7.4725,,0.84835,336.76,,,,4.2451,,4.7655,10.555,,,1.0715,138.1,10.1288,7.4563,69.4575,,6.5886,1.6282,4.6553,1.4609999999999999,7.6676,8.542,15000.81,3.7769999999999997,78.2845,1301.78,20.4852,4.5349,1.6994,55.817,1.5233,34.196999999999996,16.3028,
2020-02-05,1.1023,120.94,1.9558,,25.055,7.4728,,0.84444,335.76,,,,4.2491,,4.7734,10.545,,,1.0717,138.1,10.1173,7.4568,69.032,,6.5975,1.6299,4.6614,1.4644,7.6858,8.5572,15036.47,3.7981,78.433,1302.97,20.4923,4.5382,1.7006,55.961000000000006,1.5202,34.133,16.2246,
2020-02-04,1.1048,120.52,1.9558,,25.143,7.4729,,0.8488,336.32,,,,4.2753,,4.7763,10.6278,,,1.0702,137.9,10.1948,7.4518,69.8725,,6.6073,1.6439,4.6704,1.4671,7.7298,8.5805,15146.81,3.813,78.712,1310.75,20.6722,4.5424,1.7102,56.102,1.5139,34.194,16.3262,
2020-02-03,1.1066,120.1,1.9558,,25.177,7.4729,,0.84775,337.7,,,,4.2968,,4.7788,10.6808,,,1.0672,137.3,10.259,7.4465,70.5988,,6.6221,1.6521,4.717,1.4647,7.7681,8.5935,15207.45,3.8135,79.0035,1319.12,20.8183,4.5526,1.7106,56.293,1.5138,34.349000000000004,16.4806,
2020-01-31,1.1052,120.35,1.9558,,25.21,7.4731,,0.84175,337.05,,,,4.3009,,4.7789,10.6768,,,1.0694,136.3,10.1893,7.444,70.3375,,6.6117,1.6494,4.7157,1.4627,7.6664,8.5843,15091.51,3.8089999999999997,78.9055,1321.6,20.8044,4.5297,1.7083,56.382,1.5092,34.46,16.49,
2020-01-30,1.1029,120.03,1.9558,,25.25,7.4729,,0.84183,338.36,,,,4.2873,,4.777,10.6398,,,1.069,135.9,10.1738,7.4423,69.6719,,6.597,1.6412,4.6836,1.4577,7.6504,8.5678,15094.84,3.8080000000000003,79.01100000000001,1315.0,20.6985,4.5087,1.6973,56.246,1.5030000000000001,34.405,16.2673,
2020-01-29,1.1001,120.06,1.9558,,25.208000000000002,7.4728,,0.8458,337.39,,,,4.2837,,4.777,10.5753,,,1.0729,135.9,10.0563,7.442,68.9755,,6.5559,1.6299,4.6089,1.4496,7.631,8.5503,14991.61,3.8053,78.417,1296.65,20.6109,4.4884,1.6868,55.928999999999995,1.4971,34.07,16.0719,
2020-01-28,1.1005,120.02,1.9558,,25.221,7.4728,,0.84603,337.18,,,,4.2731,,4.7784,10.5993,,,1.0703,137.2,10.0758,7.441,68.9032,,6.5475,1.629,4.6196,1.4516,7.6338,8.5578,15008.07,3.8033,78.4545,1297.2,20.7316,4.4972,1.6844,55.878,1.4949,33.945,16.1249,
2020-01-27,1.1025,120.11,1.9558,,25.230999999999998,7.4728,,0.8435799999999999,337.53,,,,4.2715,,4.7808,10.5795,,,1.0689,137.4,10.0363,7.4415,69.0442,,6.5566,1.6291,4.6467,1.4539,7.6477,8.5745,14999.51,3.8151,78.7425,1298.34,20.8715,4.4822,1.6814,56.083999999999996,1.4965,33.869,16.0431,
2020-01-24,1.1035,120.96,1.9558,,25.16,7.473,,0.8431299999999999,336.01,,,,4.2565,,4.7799,10.5363,,,1.0712,137.4,9.9375,7.4415,68.1692,,6.5539,1.6127,4.6084,1.4491,7.6509,8.577,15002.91,3.81,78.67,1289.12,20.717,4.4857,1.6684,56.092,1.4909999999999999,33.723,15.8585,
2020-01-23,1.1091,121.5,1.9558,,25.159000000000002,7.4732,,0.84498,337.19,,,,4.2439,,4.7788,10.5473,,,1.0734,137.8,9.9678,7.4438,68.6301,,6.5771,1.6149,4.6253,1.4599,7.6897,8.6201,15141.43,3.8336,79.0965,1295.15,20.7527,4.513999999999999,1.6797,56.513999999999996,1.4971,33.883,15.9503,
2020-01-22,1.1088,121.93,1.9558,,25.136,7.4729,,0.84445,335.61,,,,4.2378,,4.7784,10.5528,,,1.0757,137.8,9.959,7.4375,68.6934,,6.5673,1.6184,4.6486,1.4465,7.653,8.617,15137.71,3.8279,78.8665,1290.57,20.7417,4.5078,1.6782,56.498999999999995,1.4954,33.685,15.975,
2020-01-21,1.1115,122.31,1.9558,,25.066,7.4725,,0.8503,335.32,,,,4.2438,,4.7785,10.5523,,,1.0743,137.8,9.936,7.4375,68.73,,6.5938,1.6177,4.6661,1.4512,7.6732,8.6362,15197.89,3.8405,79.1345,1298.12,20.8194,4.5255,1.6811,56.68899999999999,1.4994,33.79,16.0899,
2020-01-20,1.1085,122.14,1.9558,,25.125,7.4726,,0.85275,336.39,,,,4.2433,,4.7794,10.5548,,,1.0737,137.6,9.8815,7.4358,68.2075,,6.5604,1.6154,4.636,1.4487,7.6112,8.6112,15118.3,3.8326,78.78399999999999,1286.08,20.694000000000003,4.5022,1.6796,56.489,1.4943,33.647,16.1045,
2020-01-17,1.1108,122.31,1.9558,,25.147,7.4729,,0.85105,335.59,,,,4.2367,,4.7803,10.545,,,1.0736,137.4,9.889,7.4378,68.2495,,6.5323,1.6122,4.638999999999999,1.4498,7.6186,8.6292,15184.91,3.8372,78.9567,1288.37,20.8338,4.5041,1.6782,56.548,1.496,33.746,16.0582,
2020-01-16,1.1169,122.8,1.9558,,25.17,7.4729,,0.8547,333.84,,,,4.2324,,4.779,10.5678,,,1.0739,137.0,9.9058,7.4418,68.8102,,6.5363,1.6115,4.6519,1.4559,7.6837,8.6812,15223.35,3.8575,79.221,1293.87,20.9901,4.5377,1.6769,56.776,1.5025,33.915,16.1229,
2020-01-15,1.1142,122.43,1.9558,,25.144000000000002,7.4727,,0.85683,332.94,,,,4.2265,,4.7803,10.559000000000001,,,1.0751,136.6,9.882,7.4443,68.4386,,6.558,1.6188,4.635,1.4565,7.6746,8.6591,15262.3,3.8561,78.8825,1289.22,20.9542,4.5409,1.6905,56.521,1.5011,33.693000000000005,16.0218,
2020-01-14,1.1115,122.32,1.9558,,25.155,7.4731,,0.8561799999999999,332.77,,,,4.2219,,4.7795,10.5248,,,1.0767,137.2,9.892000000000001,7.445,68.2418,,6.5448,1.611,4.6056,1.4528,7.6536,8.6447,15219.55,3.8541,78.7285,1285.74,20.9406,4.5288,1.6803,56.242,1.4981,33.624,16.0274,
2020-01-13,1.1126,122.25,1.9558,,25.23,7.4732,,0.8576,334.29,,,,4.2348,,4.7784,10.5598,,,1.0811,137.2,9.8955,7.4445,68.0893,,6.5219,1.6117,4.5832,1.4514,7.6697,8.6504,15243.73,3.8604,78.8225,1288.09,20.9084,4.5199,1.6769,56.147,1.4989,33.62,15.9948,
2020-01-10,1.1091,121.6,1.9558,,25.265,7.4731,,0.8481,333.85,,,,4.2462,,4.7796,10.550999999999998,,,1.0822,136.6,9.8745,7.4445,68.041,,6.5198,1.6132,4.5188,1.4498,7.6773,8.6137,15263.99,3.8476,78.6915,1286.0,20.8634,4.5212,1.6769,55.998000000000005,1.4969,33.534,15.8081,
2020-01-09,1.111,121.54,1.9558,,25.253,7.4731,,0.85285,332.51,,,,4.2422,,4.7785,10.533,,,1.0808,137.7,9.8665,7.446000000000001,68.0757,,6.5331,1.6193,4.5194,1.4505,7.7011,8.6317,15387.35,3.8556,79.16199999999999,1288.28,20.8637,4.5445,1.6796,56.25,1.5018,33.647,15.7839,
2020-01-08,1.1115,120.86,1.9558,,25.265,7.4731,,0.8486799999999999,331.08,,,,4.2429,,4.7774,10.5108,,,1.0792,137.1,9.8508,7.449,68.6389,,6.6158,1.6195,4.5092,1.4469999999999998,7.7184,8.6424,15441.51,3.8541,79.709,1297.37,20.9079,4.5588,1.6739,56.42,1.5014,33.74,15.8166,
2020-01-07,1.1172,121.15,1.9558,,25.276,7.4731,,0.85183,331.28,,,,4.2457,,4.7778,10.5423,,,1.085,137.3,9.8548,7.4478,69.2576,,6.676,1.6251,4.5625,1.452,7.7562,8.6836,15501.15,3.8731,80.265,1302.48,21.0852,4.5727,1.6833,56.832,1.5081,33.823,15.9724,
2020-01-06,1.1194,121.02,1.9558,,25.301,7.4732,,0.85215,329.66,,,,4.2415,,4.7743,10.5308,,,1.085,137.3,9.8488,7.445,69.4047,,6.69,1.6119,4.5461,1.4525,7.8049,8.6978,15604.44,3.8913,80.5175,1308.83,21.1418,4.593999999999999,1.6788,57.247,1.511,33.744,15.9465,
2020-01-03,1.1147,120.54,1.9558,,25.36,7.4731,,0.85115,330.53,,,,4.2493,,4.7784,10.4858,,,1.084,136.9,9.8315,7.4463,69.119,,6.6587,1.6031,4.5271,1.4471,7.7712,8.6713,15536.69,3.8766,80.0085,1300.32,21.1433,4.5725,1.6718,56.983000000000004,1.5047,33.614000000000004,15.9222,
2020-01-02,1.1193,121.75,1.9558,,25.410999999999998,7.4719,,0.8482799999999999,329.98,,,,4.2544,,4.7828,10.4728,,,1.0865,136.9,9.8408,7.4445,69.1893,,6.6699,1.6006,4.487,1.4549,7.7946,8.7203,15540.92,3.8689999999999998,79.9065,1298.24,21.1383,4.5764,1.6718,56.825,1.5084,33.741,15.7496,
2019-12-31,1.1234,121.94,1.9558,,25.408,7.4715,,0.8508,330.53,,,,4.2568,,4.783,10.4468,,,1.0854,135.8,9.8638,7.4395,69.9563,,6.6843,1.5995,4.5157,1.4598,7.8205,8.7473,15595.6,3.8845,80.187,1296.28,21.2202,4.5953,1.6653,56.9,1.5111,33.415,15.7773,
2019-12-30,1.1189,122.19,1.9558,,25.463,7.4697,,0.85208,331.04,,,,4.2567,,4.7821,10.44,,,1.0871,135.8,9.846,7.4485,69.2781,,6.6567,1.5992,4.5128,1.4621,7.8175,8.7133,15565.65,3.8749,79.812,1294.35,21.085,4.5948,1.6638,56.784,1.5088,33.472,15.7398,
2019-12-27,1.1153,122.23,1.9558,,25.509,7.4704,,0.8513,330.83,,,,4.2671,,4.7818,10.4363,,,1.089,135.6,9.8578,7.4475,69.2013,,6.6449,1.5996,4.5157,1.4592,7.8025,8.6845,15573.91,3.8611,79.637,1294.42,21.0989,4.6034,1.6655,56.574,1.5083,33.632,15.6649,
2019-12-24,1.1079999999999999,121.19,1.9558,,25.485,7.4712,,0.8553299999999999,331.76,,,,4.2598,,4.779,10.4553,,,1.0878,135.6,9.9118,7.4455,68.7932,,6.5994,1.6019,4.5246,1.4582,7.7643,8.629,15495.4,3.8464,78.9525,1287.71,21.0106,4.5832,1.6716,56.331,1.5017,33.412,15.7264,
2019-12-23,1.1075,121.18,1.9558,,25.499000000000002,7.4719,,0.85708,331.24,,,,4.2609,,4.7733,10.4473,,,1.087,135.4,9.913,7.446000000000001,69.0297,,6.5834,1.6008,4.522,1.4577,7.7652,8.6232,15489.5,3.8452,78.9455,1288.52,21.0016,4.5878,1.6732,56.471000000000004,1.5018,33.408,15.7605,
2019-12-20,1.1097,121.31,1.9558,,25.445,7.472,,0.8513299999999999,330.5,,,,4.2593,,4.7705,10.434000000000001,,,1.0883,136.4,9.9463,7.439,68.9657,,6.5774,1.6088,4.5175,1.4579,7.7764,8.6511,15510.83,3.8584,79.0035,1286.58,21.0259,4.5942,1.6811,56.284,1.5036,33.496,15.7936,
2019-12-19,1.1117,121.73,1.9558,,25.473000000000003,7.4723,,0.8507299999999999,330.52,,,,4.2617,,4.771,10.478,,,1.0899,137.2,9.9785,7.4398,69.4593,,6.6022,1.6188,4.5163,1.4588,7.7931,8.6687,15551.77,3.8827,79.032,1296.6,21.1158,4.6047,1.6898,56.263000000000005,1.5074,33.568000000000005,15.918,
2019-12-18,1.1115,121.81,1.9558,,25.49,7.472,,0.85055,330.77,,,,4.2706,,4.776,10.4483,,,1.0913,137.2,10.0353,7.4486,69.5288,,6.5732,1.6227,4.5097,1.4624,7.7783,8.6566,15558.78,3.8930000000000002,78.895,1296.56,21.09,4.5999,1.692,56.271,1.5075,33.606,15.97,
2019-12-17,1.1162,122.31,1.9558,,25.445,7.4731,,0.8474799999999999,329.71,,,,4.2595,,4.7771,10.4718,,,1.0946,136.6,10.0648,7.4465,69.8758,,6.5622,1.6294,4.5409,1.469,7.809,8.6953,15615.64,3.8996,79.2035,1299.38,21.1278,4.6239,1.6974,56.413000000000004,1.5132,33.736999999999995,16.0926,
2019-12-16,1.1146,121.97,1.9558,,25.483,7.4731,,0.83415,329.01,,,,4.2657,,4.7791,10.4213,,,1.0953,136.8,10.027999999999999,7.4401,69.8317,,6.519,1.6177,4.5491,1.4621,7.8025,8.6856,15609.97,3.8922,79.1063,1304.67,21.2022,4.6167,1.6859,56.42100000000001,1.5096,33.689,16.1305,
2019-12-13,1.1174,122.43,1.9558,,25.508000000000003,7.4731,,0.8350799999999999,328.85,,,,4.2726,,4.7795,10.449000000000002,,,1.0982,137.0,10.062999999999999,7.4398,69.993,,6.4822,1.6159,4.5664,1.4712,7.79,8.7062,15626.84,3.8894,79.061,1308.97,21.2518,4.6199,1.6873,56.441,1.5106,33.729,16.1393,
2019-12-12,1.1137,120.95,1.9558,,25.519000000000002,7.4732,,0.8456,329.4,,,,4.2836,,4.7791,10.4495,,,1.0939,136.7,10.135,7.439,70.0885,,6.439,1.6165,4.5788,1.4676,7.8374,8.6923,15630.78,3.8749,78.9355,1323.39,21.2831,4.6324,1.6906,56.476000000000006,1.5117,33.606,16.3248,
2019-12-11,1.1075,120.44,1.9558,,25.522,7.4728,,0.84245,330.74,,,,4.2869,,4.7793,10.4595,,,1.0916,135.1,10.1495,7.4385,70.3925,,6.4349,1.6194,4.559,1.4661,7.796,8.6538,15554.28,3.8503,78.4115,1321.5,21.291999999999998,4.6122,1.6924,56.278999999999996,1.506,33.518,16.3512,
2019-12-10,1.1077,120.27,1.9558,,25.526999999999997,7.4731,,0.84073,330.85,,,,4.2903,,4.7773,10.5565,,,1.0922,134.7,10.1823,7.4398,70.4627,,6.43,1.6275,4.5891,1.4666,7.7968,8.6691,15518.88,3.8372,78.561,1320.74,21.2903,4.613,1.6945,56.243,1.5062,33.558,16.4121,
2019-12-09,1.1075,120.15,1.9558,,25.528000000000002,7.4723,,0.84195,331.58,,,,4.2837,,4.7789,10.5435,,,1.0959,134.3,10.1238,7.4388,70.5731,,6.4270000000000005,1.6228,4.5903,1.4675,7.796,8.6692,15506.11,3.8434,78.707,1319.29,21.3499,4.6074,1.689,56.316,1.506,33.571,16.178,
2019-12-06,1.1094,120.44,1.9558,,25.533,7.4722,,0.8445299999999999,330.19,,,,4.2772,,4.78,10.5183,,,1.0968,134.6,10.1235,7.439,70.7441,,6.3893,1.619,4.6402,1.4618,7.7993,8.6852,15554.41,3.8465,79.0435,1317.31,21.4658,4.6145,1.6886,56.348,1.5084,33.645,16.2232,
2019-12-05,1.1094,120.69,1.9558,,25.526,7.4716,,0.8447,330.85,,,,4.2753,,4.7785,10.5418,,,1.0964,134.4,10.1613,7.439,70.7798,,6.3845,1.6251,4.6794,1.4609999999999999,7.8125,8.6853,15603.71,3.8418,79.0195,1320.69,21.4895,4.6256,1.6997,56.402,1.5103,33.676,16.2774,
2019-12-04,1.1081,120.45,1.9558,,25.52,7.4715,,0.8461,331.01,,,,4.2792,,4.7754,10.5523,,,1.0956,134.2,10.1723,7.4385,70.7959,,6.3608,1.6203,4.6521,1.4707,7.8149,8.6753,15629.75,3.8462,79.2615,1321.2,21.6167,4.628,1.6980000000000002,56.519,1.5103,33.580999999999996,16.1224,
2019-12-03,1.1071,120.39,1.9558,,25.526999999999997,7.4719,,0.852,331.75,,,,4.2845,,4.7777,10.5653,,,1.0947,134.4,10.1668,7.44,71.0634,,6.3508,1.6186,4.6545,1.4747,7.814,8.6675,15615.65,3.8596,79.43,1319.15,21.6958,4.6216,1.7,56.583,1.5117,33.529,16.2253,
2019-12-02,1.1023,120.75,1.9558,,25.534000000000002,7.4712,,0.8521799999999999,332.98,,,,4.3001,,4.7794,10.5385,,,1.0995,134.8,10.1353,7.438,70.9217,,6.3436,1.624,4.6654,1.4656,7.7625,8.6297,15569.99,3.8327,78.9785,1306.52,21.566999999999997,4.6071,1.7019,56.317,1.5085,33.383,16.177,
2019-11-29,1.0982,120.43,1.9558,,25.515,7.4713,,0.85225,333.82,,,,4.3185,,4.7823,10.4995,,,1.0998,134.0,10.1045,7.4385,70.5544,,6.3198,1.6228,4.6459,1.4614,7.7172,8.5954,15490.11,3.8136,78.6875,1295.81,21.4483,4.5882,1.709,55.838,1.5017,33.204,16.1197,
2019-11-28,1.1005,120.5,1.9558,,25.574,7.4715,,0.8518,336.25,,,,4.3212,,4.785,10.5463,,,1.0991,135.0,10.113,7.437,70.5328,,6.3477,1.6253,4.6793,1.4625,7.7416,8.6136,15517.93,3.8169999999999997,78.8095,1298.0,21.5787,4.5929,1.7136,55.9,1.5032,33.263000000000005,16.2298,
2019-11-27,1.1009,120.18,1.9558,,25.515,7.4712,,0.8545,335.95,,,,4.3109,,4.7841,10.558,,,1.0986,135.0,10.102,7.439,70.4425,,6.3442,1.6219999999999999,4.6743,1.4605,7.7353,8.6176,15517.01,3.8205,78.5495,1295.88,21.448,4.593,1.7121,55.958,1.5028,33.286,16.1885,
2019-11-26,1.102,120.09,1.9558,,25.505,7.472,,0.85715,336.16,,,,4.3015,,4.7766,10.5808,,,1.0993,135.4,10.0968,7.4355,70.5445,,6.3255,1.6251,4.6915,1.4663,7.7576,8.6256,15538.08,3.8147,78.8165,1296.87,21.4669,4.6097,1.7165,56.016000000000005,1.5057,33.297,16.3384,
2019-11-25,1.1008,119.88,1.9558,,25.485,7.4716,,0.85515,335.23,,,,4.2965,,4.7723,10.6158,,,1.0986,135.9,10.1065,7.4365,70.4399,,6.3196,1.6232,4.6295,1.4648,7.7454,8.6164,15512.47,3.8114,78.937,1293.96,21.3437,4.5997,1.7187,55.915,1.5030000000000001,33.272,16.2262,
2019-11-22,1.1058,120.03,1.9558,,25.513,7.4727,,0.8598,334.29,,,,4.2977,,4.7741,10.6265,,,1.0994,136.3,10.1083,7.4365,70.4361,,6.3119,1.6287,4.6313,1.4679,7.7834,8.6525,15575.19,3.8332,79.271,1303.07,21.4472,4.6123,1.7236,56.235,1.5072,33.39,16.2718,
2019-11-21,1.1091,120.46,1.9558,,25.52,7.4732,,0.8554799999999999,333.75,,,,4.297,,4.7813,10.6568,,,1.0998,136.3,10.1018,7.4395,70.6406,,6.3097,1.6282,4.6453,1.4759,7.7933,8.6739,15624.45,3.8309,79.5675,1303.11,21.5649,4.6244,1.7239,56.419,1.5098,33.5,16.2645,
2019-11-20,1.1059,119.96,1.9558,,25.541,7.4731,,0.85715,333.41,,,,4.2932,,4.7803,10.6935,,,1.0977,135.9,10.1455,7.4395,70.7748,,6.3003,1.6227,4.6409,1.4711,7.7786,8.6549,15602.04,3.8425,79.423,1294.49,21.4802,4.6066,1.7222,56.278999999999996,1.5059,33.382,16.3671,
2019-11-19,1.1077,120.46,1.9558,,25.565,7.4721,,0.8557299999999999,334.93,,,,4.2877,,4.7763,10.6475,,,1.0979,136.3,10.0853,7.4429,70.6272,,6.331,1.6234,4.6465,1.4633,7.7829,8.6709,15607.49,3.8313,79.3975,1292.01,21.337,4.6053,1.7259,56.371,1.507,33.458,16.3211,
2019-11-18,1.1061,120.55,1.9558,,25.593000000000004,7.4726,,0.8533,335.27,,,,4.2915,,4.7744,10.6603,,,1.0959999999999999,135.9,10.086,7.44,70.6242,,6.3316,1.6242,4.6201,1.4622,7.7629,8.6593,15588.27,3.825,79.426,1289.14,21.2907,4.5964,1.7275,56.081,1.5047,33.443000000000005,16.3463,
2019-11-15,1.1034,119.95,1.9558,,25.583000000000002,7.4723,,0.8566,334.8,,,,4.2785,,4.7686,10.6518,,,1.0924,135.9,10.0345,7.438,70.3938,,6.3433,1.6221,4.6296,1.4608,7.7343,8.6361,15528.15,3.8352,79.163,1285.34,21.2194,4.5817,1.7255,55.849,1.5021,33.35,16.2494,
2019-11-14,1.0997,119.49,1.9558,,25.56,7.472,,0.8564299999999999,333.87,,,,4.2926,,4.7673,10.694,,,1.0873,135.2,10.1198,7.4383,70.4908,,6.3361,1.6213,4.5928,1.4588,7.721,8.6098,15508.18,3.8271,79.1,1287.87,21.3699,4.572,1.7223,55.788000000000004,1.4989,33.218,16.3205,
2019-11-13,1.1006,119.79,1.9558,,25.590999999999998,7.4725,,0.8576,334.75,,,,4.2874,,4.7633,10.7353,,,1.0894,137.7,10.139,7.4415,70.8149,,6.3316,1.6127,4.6017,1.4592,7.7281,8.6204,15522.75,3.8482,79.319,1288.15,21.3723,4.5713,1.7228,56.025,1.5,33.277,16.4441,
2019-11-12,1.1015,120.24,1.9558,,25.499000000000002,7.4723,,0.8582,334.39,,,,4.2747,,4.7625,10.7003,,,1.0963,137.7,10.0798,7.4417,70.4859,,6.359,1.6087,4.5868,1.4588,7.7187,8.6202,15499.48,3.8578,78.969,1281.79,21.0924,4.563,1.7382,55.958999999999996,1.4994,33.416,16.3334,
2019-11-11,1.1041,120.29,1.9558,,25.51,7.4722,,0.8574299999999999,334.35,,,,4.2737,,4.7643,10.7085,,,1.0972,137.7,10.091000000000001,7.4391,70.5319,,6.3722,1.6105,4.5949,1.4607,7.7404,8.6422,15540.68,3.8591,78.9905,1288.0,21.1057,4.5749,1.7348,56.138000000000005,1.5025,33.493,16.415,
2019-11-08,1.1034,120.72,1.9558,,25.486,7.4727,,0.8615799999999999,333.37,,,,4.261,,4.7638,10.7025,,,1.0991,137.7,10.0893,7.4345,70.4653,,6.3513,1.6065,4.5583,1.4561,7.7115,8.6372,15463.05,3.8533,78.652,1276.66,21.1383,4.5609,1.7426,55.809,1.5002,33.527,16.3121,
2019-11-07,1.1077,120.9,1.9558,,25.534000000000002,7.472,,0.8644200000000001,332.73,,,,4.2653,,4.7602,10.6253,,,1.0998,137.7,10.0715,7.4295,70.579,,6.3613,1.6059,4.5238,1.4585,7.7271,8.6689,15501.71,3.8623,78.54899999999999,1279.27,21.197,4.5682,1.7383,55.917,1.5035,33.624,16.3233,
2019-11-06,1.109,120.88,1.9558,,25.498,7.4713,,0.8603299999999999,331.68,,,,4.2693,,4.7627,10.644,,,1.101,137.7,10.126,7.4343,70.6538,,6.3803,1.607,4.4242,1.4599,7.7604,8.6786,15542.64,3.8644,78.6855,1284.3,21.305,4.5874,1.7385,56.126000000000005,1.5065,33.608000000000004,16.4153,
